<?xml version='1.0' encoding='UTF-8' standalone='no'?>
<doxygen xmlns:xsi="http://www.w3.org/2001/XMLSchema-instance" xsi:noNamespaceSchemaLocation="compound.xsd" version="1.10.0" xml:lang="en-US">
  <compounddef id="dir_68267d1309a1af8e8297ef4c3efbcdba" kind="dir">
    <compoundname>/home/calebk/Documents/coding/RoombaController/src</compoundname>
    <innerfile refid="Field_8cpp">Field.cpp</innerfile>
    <innerfile refid="Field_8hpp">Field.hpp</innerfile>
    <innerfile refid="Graph_8cpp">Graph.cpp</innerfile>
    <innerfile refid="Graph_8hpp">Graph.hpp</innerfile>
    <innerfile refid="Hole_8cpp">Hole.cpp</innerfile>
    <innerfile refid="Hole_8hpp">Hole.hpp</innerfile>
    <innerfile refid="HoleManager_8cpp">HoleManager.cpp</innerfile>
    <innerfile refid="HoleManager_8hpp">HoleManager.hpp</innerfile>
    <innerfile refid="main_8cpp">main.cpp</innerfile>
    <innerfile refid="Node_8cpp">Node.cpp</innerfile>
    <innerfile refid="Node_8hpp">Node.hpp</innerfile>
    <innerfile refid="Pillar_8cpp">Pillar.cpp</innerfile>
    <innerfile refid="Pillar_8hpp">Pillar.hpp</innerfile>
    <innerfile refid="Pose2D_8cpp">Pose2D.cpp</innerfile>
    <innerfile refid="Pose2D_8hpp">Pose2D.hpp</innerfile>
    <innerfile refid="util_8cpp">util.cpp</innerfile>
    <innerfile refid="util_8hpp">util.hpp</innerfile>
    <briefdescription>
    </briefdescription>
    <detaileddescription>
    </detaileddescription>
    <location file="/home/calebk/Documents/coding/RoombaController/src/"/>
  </compounddef>
</doxygen>
