<?xml version='1.0' encoding='UTF-8' standalone='no'?>
<doxygen xmlns:xsi="http://www.w3.org/2001/XMLSchema-instance" xsi:noNamespaceSchemaLocation="compound.xsd" version="1.10.0" xml:lang="en-US">
  <compounddef id="Field_8cpp" kind="file" language="C++">
    <compoundname>Field.cpp</compoundname>
    <includes refid="Field_8hpp" local="yes">Field.hpp</includes>
    <incdepgraph>
      <node id="1">
        <label>/home/calebk/Documents/coding/RoombaController/src/Field.cpp</label>
        <link refid="Field_8cpp"/>
        <childnode refid="2" relation="include">
        </childnode>
      </node>
      <node id="2">
        <label>Field.hpp</label>
        <link refid="Field_8hpp"/>
        <childnode refid="3" relation="include">
        </childnode>
        <childnode refid="9" relation="include">
        </childnode>
        <childnode refid="6" relation="include">
        </childnode>
        <childnode refid="10" relation="include">
        </childnode>
        <childnode refid="11" relation="include">
        </childnode>
        <childnode refid="16" relation="include">
        </childnode>
        <childnode refid="4" relation="include">
        </childnode>
      </node>
      <node id="11">
        <label>Graph.hpp</label>
        <link refid="Graph_8hpp"/>
        <childnode refid="12" relation="include">
        </childnode>
        <childnode refid="4" relation="include">
        </childnode>
        <childnode refid="14" relation="include">
        </childnode>
        <childnode refid="9" relation="include">
        </childnode>
        <childnode refid="15" relation="include">
        </childnode>
      </node>
      <node id="17">
        <label>Hole.hpp</label>
        <link refid="Hole_8hpp"/>
        <childnode refid="9" relation="include">
        </childnode>
        <childnode refid="10" relation="include">
        </childnode>
        <childnode refid="4" relation="include">
        </childnode>
        <childnode refid="5" relation="include">
        </childnode>
        <childnode refid="8" relation="include">
        </childnode>
      </node>
      <node id="16">
        <label>HoleManager.hpp</label>
        <link refid="HoleManager_8hpp"/>
        <childnode refid="17" relation="include">
        </childnode>
        <childnode refid="18" relation="include">
        </childnode>
      </node>
      <node id="13">
        <label>Node.cpp</label>
        <link refid="Node_8cpp"/>
        <childnode refid="12" relation="include">
        </childnode>
      </node>
      <node id="12">
        <label>Node.hpp</label>
        <link refid="Node_8hpp"/>
        <childnode refid="4" relation="include">
        </childnode>
        <childnode refid="13" relation="include">
        </childnode>
      </node>
      <node id="3">
        <label>Pillar.hpp</label>
        <link refid="Pillar_8hpp"/>
        <childnode refid="4" relation="include">
        </childnode>
      </node>
      <node id="4">
        <label>Pose2D.hpp</label>
        <link refid="Pose2D_8hpp"/>
        <childnode refid="5" relation="include">
        </childnode>
        <childnode refid="6" relation="include">
        </childnode>
        <childnode refid="7" relation="include">
        </childnode>
        <childnode refid="8" relation="include">
        </childnode>
      </node>
      <node id="18">
        <label>util.hpp</label>
        <link refid="util_8hpp"/>
        <childnode refid="5" relation="include">
        </childnode>
      </node>
      <node id="5">
        <label>cmath</label>
      </node>
      <node id="6">
        <label>cstdint</label>
      </node>
      <node id="15">
        <label>map</label>
      </node>
      <node id="10">
        <label>memory</label>
      </node>
      <node id="8">
        <label>ostream</label>
      </node>
      <node id="7">
        <label>sstream</label>
      </node>
      <node id="14">
        <label>stack</label>
      </node>
      <node id="9">
        <label>vector</label>
      </node>
    </incdepgraph>
    <briefdescription>
    </briefdescription>
    <detaileddescription>
    </detaileddescription>
    <programlisting>
<codeline lineno="1"><highlight class="comment">//</highlight><highlight class="normal"></highlight></codeline>
<codeline lineno="2"><highlight class="normal"></highlight><highlight class="comment">//<sp/>Created<sp/>by<sp/>caleb<sp/>on<sp/>10/25/2024</highlight><highlight class="normal"></highlight></codeline>
<codeline lineno="3"><highlight class="normal"></highlight><highlight class="comment">//</highlight><highlight class="normal"></highlight></codeline>
<codeline lineno="4"><highlight class="normal"></highlight></codeline>
<codeline lineno="5"><highlight class="normal"></highlight><highlight class="preprocessor">#include<sp/>&quot;<ref refid="Field_8hpp" kindref="compound">Field.hpp</ref>&quot;</highlight><highlight class="normal"></highlight></codeline>
<codeline lineno="6"><highlight class="normal"></highlight></codeline>
<codeline lineno="7" refid="classField_1a0cb97f5f6abc65f46f80a9db40a05f89" refkind="member"><highlight class="normal"><ref refid="classField_1a3e804c92273d9159f413f227b535c672" kindref="member">Field::Field</ref>(</highlight><highlight class="keyword">const</highlight><highlight class="normal"><sp/>std::vector&lt;Pillar&gt;&amp;<sp/>pillars,<sp/></highlight><highlight class="keyword">const</highlight><highlight class="normal"><sp/><ref refid="classPose2D" kindref="compound">Pose2D</ref>&amp;<sp/>desiredDestination,<sp/></highlight><highlight class="keyword">const</highlight><highlight class="normal"><sp/><ref refid="classPillar" kindref="compound">Pillar</ref>&amp;<sp/>botPose)<sp/>{</highlight></codeline>
<codeline lineno="8"><highlight class="normal"><sp/><sp/>this-&gt;pillars<sp/>=<sp/>std::make_unique&lt;std::vector&lt;Pillar&gt;&gt;(<ref refid="classField_1a003a6384059a42b3d38bba86f8482bc5" kindref="member">pillars</ref>);</highlight></codeline>
<codeline lineno="9"><highlight class="normal"><sp/><sp/><sp/><sp/>this-&gt;desiredDestination<sp/>=<sp/><ref refid="classField_1afba5f7de976bb8640644ba6cbb7b5e35" kindref="member">desiredDestination</ref>;</highlight></codeline>
<codeline lineno="10"><highlight class="normal"><sp/><sp/><sp/><sp/>this-&gt;<ref refid="classField_1acd1e5fe551b0b0910391b193d29550ca" kindref="member">holeManager</ref><sp/>=<sp/><ref refid="classHoleManager" kindref="compound">HoleManager</ref>();</highlight></codeline>
<codeline lineno="11"><highlight class="normal"><sp/><sp/><sp/><sp/>this-&gt;botPose<sp/>=<sp/><ref refid="classField_1aa714dd29f5248a7de11e20c8c67f6bb4" kindref="member">botPose</ref>;</highlight></codeline>
<codeline lineno="12"><highlight class="normal"><sp/><sp/><sp/><sp/>this-&gt;<ref refid="classField_1ab69087224439a9f8c3414e7b72383201" kindref="member">graph</ref><sp/>=<sp/><ref refid="classGraph" kindref="compound">Graph&lt;Pose2D&gt;</ref>();</highlight></codeline>
<codeline lineno="13"><highlight class="normal"><sp/><sp/><sp/><sp/><ref refid="classField_1ab69087224439a9f8c3414e7b72383201" kindref="member">graph</ref>.<ref refid="classGraph_1a57412516ec06d7b21d377dfe73773f37" kindref="member">addNode</ref>(</highlight><highlight class="keyword">new</highlight><highlight class="normal"><sp/><ref refid="classNode" kindref="compound">Node&lt;Pose2D&gt;</ref>(<ref refid="classPose2D" kindref="compound">Pose2D</ref>(0,<sp/>0)));</highlight></codeline>
<codeline lineno="14"><highlight class="normal">}</highlight></codeline>
<codeline lineno="15"><highlight class="normal"></highlight></codeline>
<codeline lineno="16" refid="classField_1a2cbf1be1f006dce87a5f7f9c16f250dc" refkind="member"><highlight class="normal"><ref refid="classField_1a3e804c92273d9159f413f227b535c672" kindref="member">Field::Field</ref>(</highlight><highlight class="keyword">const</highlight><highlight class="normal"><sp/>std::vector&lt;Pillar&gt;&amp;<sp/>pillars,<sp/></highlight><highlight class="keyword">const</highlight><highlight class="normal"><sp/><ref refid="classPose2D" kindref="compound">Pose2D</ref>&amp;<sp/>desiredDestination)<sp/>{</highlight></codeline>
<codeline lineno="17"><highlight class="normal"><sp/><sp/><sp/><sp/>this-&gt;pillars<sp/>=<sp/>std::make_unique&lt;std::vector&lt;Pillar&gt;&gt;(<ref refid="classField_1a003a6384059a42b3d38bba86f8482bc5" kindref="member">pillars</ref>);</highlight></codeline>
<codeline lineno="18"><highlight class="normal"><sp/><sp/><sp/><sp/>this-&gt;<ref refid="classField_1acd1e5fe551b0b0910391b193d29550ca" kindref="member">holeManager</ref><sp/>=<sp/><ref refid="classHoleManager" kindref="compound">HoleManager</ref>();</highlight></codeline>
<codeline lineno="19"><highlight class="normal"><sp/><sp/><sp/><sp/>this-&gt;desiredDestination<sp/>=<sp/><ref refid="classField_1afba5f7de976bb8640644ba6cbb7b5e35" kindref="member">desiredDestination</ref>;</highlight></codeline>
<codeline lineno="20"><highlight class="normal"><sp/><sp/><sp/><sp/>this-&gt;<ref refid="classField_1aa714dd29f5248a7de11e20c8c67f6bb4" kindref="member">botPose</ref><sp/>=<sp/><ref refid="classPillar" kindref="compound">Pillar</ref>(0,<sp/>0,<sp/>0,<sp/><ref refid="Pose2D_8hpp_1aa214e157b90ee2b54649c3bb808b4d60" kindref="member">BOT_RADIUS</ref>);</highlight></codeline>
<codeline lineno="21"><highlight class="normal"><sp/><sp/><sp/><sp/><ref refid="classField_1ab69087224439a9f8c3414e7b72383201" kindref="member">graph</ref>.<ref refid="classGraph_1a57412516ec06d7b21d377dfe73773f37" kindref="member">addNode</ref>(</highlight><highlight class="keyword">new</highlight><highlight class="normal"><sp/><ref refid="classNode" kindref="compound">Node&lt;Pose2D&gt;</ref>(<ref refid="classPose2D" kindref="compound">Pose2D</ref>(0,<sp/>0)));</highlight></codeline>
<codeline lineno="22"><highlight class="normal">}</highlight></codeline>
<codeline lineno="23"><highlight class="normal"></highlight></codeline>
<codeline lineno="24" refid="classField_1a3e804c92273d9159f413f227b535c672" refkind="member"><highlight class="normal"><ref refid="classField_1a3e804c92273d9159f413f227b535c672" kindref="member">Field::Field</ref>()<sp/>{</highlight></codeline>
<codeline lineno="25"><highlight class="normal"><sp/><sp/>this-&gt;<sp/><ref refid="classField_1a003a6384059a42b3d38bba86f8482bc5" kindref="member">pillars</ref><sp/>=<sp/>std::make_unique&lt;std::vector&lt;Pillar&gt;&gt;();</highlight></codeline>
<codeline lineno="26"><highlight class="normal"><sp/><sp/>this-&gt;<ref refid="classField_1afba5f7de976bb8640644ba6cbb7b5e35" kindref="member">desiredDestination</ref><sp/>=<sp/><ref refid="classPose2D" kindref="compound">Pose2D</ref>(0,<sp/>0,<sp/>0);</highlight></codeline>
<codeline lineno="27"><highlight class="normal"><sp/><sp/>this-&gt;<ref refid="classField_1aa714dd29f5248a7de11e20c8c67f6bb4" kindref="member">botPose</ref><sp/>=<sp/><ref refid="classPillar" kindref="compound">Pillar</ref>(0,<sp/>0,<sp/>0,<sp/><ref refid="Pose2D_8hpp_1aa214e157b90ee2b54649c3bb808b4d60" kindref="member">BOT_RADIUS</ref>);</highlight></codeline>
<codeline lineno="28"><highlight class="normal"><sp/><sp/>this-&gt;<ref refid="classField_1acd1e5fe551b0b0910391b193d29550ca" kindref="member">holeManager</ref><sp/>=<sp/><ref refid="classHoleManager" kindref="compound">HoleManager</ref>();</highlight></codeline>
<codeline lineno="29"><highlight class="normal"><sp/><sp/><sp/><sp/><ref refid="classField_1ab69087224439a9f8c3414e7b72383201" kindref="member">graph</ref>.<ref refid="classGraph_1a57412516ec06d7b21d377dfe73773f37" kindref="member">addNode</ref>(</highlight><highlight class="keyword">new</highlight><highlight class="normal"><sp/><ref refid="classNode" kindref="compound">Node&lt;Pose2D&gt;</ref>(<ref refid="classPose2D" kindref="compound">Pose2D</ref>(0,<sp/>0)));</highlight></codeline>
<codeline lineno="30"><highlight class="normal">}</highlight></codeline>
<codeline lineno="31"><highlight class="normal"></highlight></codeline>
<codeline lineno="32" refid="classField_1a3e9096a686ffb177056e24dfb920a610" refkind="member"><highlight class="normal"></highlight><highlight class="keywordtype">void</highlight><highlight class="normal"><sp/><ref refid="classField_1a3e9096a686ffb177056e24dfb920a610" kindref="member">Field::discretizeGraph</ref>()<sp/>{</highlight></codeline>
<codeline lineno="33"><highlight class="normal"><sp/><sp/><sp/><sp/></highlight><highlight class="keywordflow">if</highlight><highlight class="normal"><sp/>(<ref refid="classField_1ab69087224439a9f8c3414e7b72383201" kindref="member">graph</ref>.<ref refid="classGraph_1af1568475acf410ff0d52a2d756929064" kindref="member">getNodes</ref>().empty())<sp/>{</highlight></codeline>
<codeline lineno="34"><highlight class="normal"><sp/><sp/><sp/><sp/><sp/><sp/><sp/><sp/><ref refid="classField_1ab69087224439a9f8c3414e7b72383201" kindref="member">graph</ref>.<ref refid="classGraph_1a57412516ec06d7b21d377dfe73773f37" kindref="member">addNode</ref>(</highlight><highlight class="keyword">new</highlight><highlight class="normal"><sp/><ref refid="classNode" kindref="compound">Node&lt;Pose2D&gt;</ref>(<ref refid="classField_1aa714dd29f5248a7de11e20c8c67f6bb4" kindref="member">botPose</ref>.<ref refid="classPillar_1a6643c4f436b8264606fd1ef9adfafc75" kindref="member">getPose</ref>()));</highlight></codeline>
<codeline lineno="35"><highlight class="normal"><sp/><sp/><sp/><sp/>}</highlight></codeline>
<codeline lineno="36"><highlight class="normal"></highlight></codeline>
<codeline lineno="37"><highlight class="normal"><sp/><sp/><sp/><sp/></highlight><highlight class="comment">//<sp/>std::vector&lt;Node&lt;Pillar&gt;*&gt;<sp/>nodes;</highlight><highlight class="normal"></highlight></codeline>
<codeline lineno="38"><highlight class="normal"><sp/><sp/><sp/><sp/></highlight><highlight class="keywordflow">for</highlight><highlight class="normal"><sp/>(<ref refid="classPillar" kindref="compound">Pillar</ref><sp/>&amp;<sp/>pillar<sp/>:<sp/><ref refid="classField_1a536803e37492ec349eae440878304a00" kindref="member">newPillars</ref>)<sp/>{</highlight></codeline>
<codeline lineno="39"><highlight class="normal"><sp/><sp/><sp/><sp/><sp/><sp/><sp/><sp/>std::vector&lt;Node&lt;Pose2D&gt;*&gt;<sp/>nodes<sp/>=<sp/><ref refid="classField_1ab69087224439a9f8c3414e7b72383201" kindref="member">graph</ref>.<ref refid="classGraph_1af1568475acf410ff0d52a2d756929064" kindref="member">getNodes</ref>();</highlight></codeline>
<codeline lineno="40"><highlight class="normal"><sp/><sp/><sp/><sp/><sp/><sp/><sp/><sp/></highlight><highlight class="keywordflow">for</highlight><highlight class="normal"><sp/>(uint32_t<sp/>i<sp/>=<sp/>1;<sp/>i<sp/>&lt;<sp/>nodes.size();<sp/>i++)<sp/>{</highlight></codeline>
<codeline lineno="41"><highlight class="normal"><sp/><sp/><sp/><sp/><sp/><sp/><sp/><sp/><sp/><sp/><sp/><sp/></highlight><highlight class="keywordflow">if</highlight><highlight class="normal"><sp/>(i<sp/>!=<sp/><ref refid="classField_1a1d7b5e004850feaa692893d0c46add14" kindref="member">desiredIndex</ref>)<sp/>{</highlight></codeline>
<codeline lineno="42"><highlight class="normal"><sp/><sp/><sp/><sp/><sp/><sp/><sp/><sp/><sp/><sp/><sp/><sp/><sp/><sp/><sp/><sp/></highlight><highlight class="keywordflow">if</highlight><highlight class="normal"><sp/>(nodes[i]-&gt;getData().distanceTo(pillar.getPose())<sp/>&lt;<sp/>pillar.getRadius()<sp/>+<sp/><ref refid="Pose2D_8hpp_1aa214e157b90ee2b54649c3bb808b4d60" kindref="member">BOT_RADIUS</ref>)<sp/>{</highlight></codeline>
<codeline lineno="43"><highlight class="normal"><sp/><sp/><sp/><sp/><sp/><sp/><sp/><sp/><sp/><sp/><sp/><sp/><sp/><sp/><sp/><sp/><sp/><sp/><sp/><sp/></highlight><highlight class="comment">//<sp/>remove<sp/>node</highlight><highlight class="normal"></highlight></codeline>
<codeline lineno="44"><highlight class="normal"><sp/><sp/><sp/><sp/><sp/><sp/><sp/><sp/><sp/><sp/><sp/><sp/><sp/><sp/><sp/><sp/><sp/><sp/><sp/><sp/><ref refid="classField_1ab69087224439a9f8c3414e7b72383201" kindref="member">graph</ref>.<ref refid="classGraph_1a307d8095432434d7e28cfba1bba884cb" kindref="member">removeNode</ref>(i);</highlight></codeline>
<codeline lineno="45"><highlight class="normal"><sp/><sp/><sp/><sp/><sp/><sp/><sp/><sp/><sp/><sp/><sp/><sp/><sp/><sp/><sp/><sp/><sp/><sp/><sp/><sp/></highlight><highlight class="comment">//<sp/>nodes<sp/>=<sp/>graph.getNodes();</highlight><highlight class="normal"></highlight></codeline>
<codeline lineno="46"><highlight class="normal"><sp/><sp/><sp/><sp/><sp/><sp/><sp/><sp/><sp/><sp/><sp/><sp/><sp/><sp/><sp/><sp/>}</highlight></codeline>
<codeline lineno="47"><highlight class="normal"><sp/><sp/><sp/><sp/><sp/><sp/><sp/><sp/><sp/><sp/><sp/><sp/>}</highlight></codeline>
<codeline lineno="48"><highlight class="normal"><sp/><sp/><sp/><sp/><sp/><sp/><sp/><sp/>}</highlight></codeline>
<codeline lineno="49"><highlight class="normal"></highlight></codeline>
<codeline lineno="50"><highlight class="normal"><sp/><sp/><sp/><sp/><sp/><sp/><sp/><sp/></highlight><highlight class="keywordtype">double</highlight><highlight class="normal"><sp/>magnitude<sp/>=<sp/>pillar.getRadius()<sp/>+<sp/><ref refid="Pose2D_8hpp_1aa214e157b90ee2b54649c3bb808b4d60" kindref="member">BOT_RADIUS</ref>;</highlight></codeline>
<codeline lineno="51"><highlight class="normal"><sp/><sp/><sp/><sp/><sp/><sp/><sp/><sp/></highlight><highlight class="keywordflow">for</highlight><highlight class="normal"><sp/>(</highlight><highlight class="keywordtype">double</highlight><highlight class="normal"><sp/>i<sp/>=<sp/>1.0;<sp/>i<sp/>&lt;<sp/>5.0;<sp/>i<sp/>+=<sp/>0.75)<sp/>{</highlight></codeline>
<codeline lineno="52"><highlight class="normal"><sp/><sp/><sp/><sp/><sp/><sp/><sp/><sp/><sp/><sp/><sp/><sp/></highlight><highlight class="keywordflow">for</highlight><highlight class="normal"><sp/>(uint16_t<sp/>angle<sp/>=<sp/>0;<sp/>angle<sp/>&lt;<sp/>361;<sp/>angle<sp/>+=<sp/>25)<sp/>{</highlight></codeline>
<codeline lineno="53"><highlight class="normal"><sp/><sp/><sp/><sp/><sp/><sp/><sp/><sp/><sp/><sp/><sp/><sp/><sp/><sp/><sp/><sp/></highlight><highlight class="keyword">const</highlight><highlight class="normal"><sp/></highlight><highlight class="keywordtype">double</highlight><highlight class="normal"><sp/>radian<sp/>=<sp/>angle<sp/>*<sp/>M_PI<sp/>/<sp/>180.0;</highlight></codeline>
<codeline lineno="54"><highlight class="normal"><sp/><sp/><sp/><sp/><sp/><sp/><sp/><sp/><sp/><sp/><sp/><sp/><sp/><sp/><sp/><sp/><ref refid="classPose2D" kindref="compound">Pose2D</ref><sp/>attemptAdd<sp/>=<sp/><ref refid="classPose2D_1a35455cacb295ea54820030b9dbb191f2" kindref="member">Pose2D::fromPolar</ref>(magnitude<sp/>*<sp/>i,<sp/>radian);</highlight></codeline>
<codeline lineno="55"><highlight class="normal"></highlight></codeline>
<codeline lineno="56"><highlight class="normal"><sp/><sp/><sp/><sp/><sp/><sp/><sp/><sp/><sp/><sp/><sp/><sp/><sp/><sp/><sp/><sp/>attemptAdd.<ref refid="classPose2D_1a5a031312210c5fd0d88855df26b53c1a" kindref="member">plus</ref>(pillar.getPose());</highlight></codeline>
<codeline lineno="57"><highlight class="normal"></highlight></codeline>
<codeline lineno="58"><highlight class="normal"><sp/><sp/><sp/><sp/><sp/><sp/><sp/><sp/><sp/><sp/><sp/><sp/><sp/><sp/><sp/><sp/></highlight><highlight class="keywordflow">if</highlight><highlight class="normal"><sp/>(<ref refid="classField_1a3ed7a96d07bdc2a21edda0fa7626e6fe" kindref="member">validLocationForNode</ref>(attemptAdd))<sp/>{</highlight></codeline>
<codeline lineno="59"><highlight class="normal"><sp/><sp/><sp/><sp/><sp/><sp/><sp/><sp/><sp/><sp/><sp/><sp/><sp/><sp/><sp/><sp/><sp/><sp/><sp/><sp/></highlight><highlight class="comment">//<sp/>add<sp/>to<sp/>list</highlight><highlight class="normal"></highlight></codeline>
<codeline lineno="60"><highlight class="normal"><sp/><sp/><sp/><sp/><sp/><sp/><sp/><sp/><sp/><sp/><sp/><sp/><sp/><sp/><sp/><sp/><sp/><sp/><sp/><sp/><ref refid="classNode" kindref="compound">Node&lt;Pose2D&gt;</ref>*<sp/>toAdd<sp/>=<sp/></highlight><highlight class="keyword">new</highlight><highlight class="normal"><sp/><ref refid="classNode" kindref="compound">Node&lt;Pose2D&gt;</ref>(attemptAdd);</highlight></codeline>
<codeline lineno="61"><highlight class="normal"></highlight></codeline>
<codeline lineno="62"><highlight class="normal"><sp/><sp/><sp/><sp/><sp/><sp/><sp/><sp/><sp/><sp/><sp/><sp/><sp/><sp/><sp/><sp/><sp/><sp/><sp/><sp/><ref refid="classField_1ab69087224439a9f8c3414e7b72383201" kindref="member">graph</ref>.<ref refid="classGraph_1a57412516ec06d7b21d377dfe73773f37" kindref="member">addNode</ref>(toAdd);</highlight></codeline>
<codeline lineno="63"><highlight class="normal"><sp/><sp/><sp/><sp/><sp/><sp/><sp/><sp/><sp/><sp/><sp/><sp/><sp/><sp/><sp/><sp/><sp/><sp/><sp/><sp/></highlight><highlight class="comment">//<sp/>nodes<sp/>=<sp/>graph.getNodes();</highlight><highlight class="normal"></highlight></codeline>
<codeline lineno="64"><highlight class="normal"><sp/><sp/><sp/><sp/><sp/><sp/><sp/><sp/><sp/><sp/><sp/><sp/><sp/><sp/><sp/><sp/>}</highlight></codeline>
<codeline lineno="65"><highlight class="normal"><sp/><sp/><sp/><sp/><sp/><sp/><sp/><sp/><sp/><sp/><sp/><sp/>}</highlight></codeline>
<codeline lineno="66"><highlight class="normal"><sp/><sp/><sp/><sp/><sp/><sp/><sp/><sp/>}</highlight></codeline>
<codeline lineno="67"><highlight class="normal"><sp/><sp/><sp/><sp/><sp/><sp/><sp/><sp/>this-&gt;<ref refid="classField_1a003a6384059a42b3d38bba86f8482bc5" kindref="member">pillars</ref>-&gt;push_back(pillar);</highlight></codeline>
<codeline lineno="68"><highlight class="normal"><sp/><sp/><sp/><sp/>}</highlight></codeline>
<codeline lineno="69"><highlight class="normal"><sp/><sp/><sp/><sp/>this-&gt;<ref refid="classField_1a536803e37492ec349eae440878304a00" kindref="member">newPillars</ref>.clear();</highlight></codeline>
<codeline lineno="70"><highlight class="normal"></highlight></codeline>
<codeline lineno="71"><highlight class="normal"><sp/><sp/><sp/><sp/><ref refid="classField_1ab69087224439a9f8c3414e7b72383201" kindref="member">graph</ref>.<ref refid="classGraph_1a57412516ec06d7b21d377dfe73773f37" kindref="member">addNode</ref>(</highlight><highlight class="keyword">new</highlight><highlight class="normal"><sp/><ref refid="classNode" kindref="compound">Node&lt;Pose2D&gt;</ref>(<ref refid="classField_1afba5f7de976bb8640644ba6cbb7b5e35" kindref="member">desiredDestination</ref>));</highlight></codeline>
<codeline lineno="72"><highlight class="normal"><sp/><sp/><sp/><sp/><ref refid="classField_1a1d7b5e004850feaa692893d0c46add14" kindref="member">desiredIndex</ref><sp/>=<sp/><ref refid="classField_1ab69087224439a9f8c3414e7b72383201" kindref="member">graph</ref>.<ref refid="classGraph_1af1568475acf410ff0d52a2d756929064" kindref="member">getNodes</ref>().size()<sp/>-<sp/>1;</highlight></codeline>
<codeline lineno="73"><highlight class="normal">}</highlight></codeline>
<codeline lineno="74"><highlight class="normal"></highlight></codeline>
<codeline lineno="75" refid="classField_1ab1945d8274ee391ea813863aa94c5d52" refkind="member"><highlight class="normal"></highlight><highlight class="keywordtype">void</highlight><highlight class="normal"><sp/><ref refid="classField_1ab1945d8274ee391ea813863aa94c5d52" kindref="member">Field::weightGraph</ref>()<sp/>{</highlight></codeline>
<codeline lineno="76"><highlight class="normal"><sp/><sp/><sp/><sp/>std::vector&lt;Node&lt;Pose2D&gt;*&gt;<sp/>nodes<sp/>=<sp/><ref refid="classField_1ab69087224439a9f8c3414e7b72383201" kindref="member">graph</ref>.<ref refid="classGraph_1af1568475acf410ff0d52a2d756929064" kindref="member">getNodes</ref>();</highlight></codeline>
<codeline lineno="77"><highlight class="normal"><sp/><sp/><sp/><sp/></highlight><highlight class="comment">//<sp/>o(n^3)<sp/>crying</highlight><highlight class="normal"></highlight></codeline>
<codeline lineno="78"><highlight class="normal"><sp/><sp/><sp/><sp/></highlight><highlight class="keywordflow">for</highlight><highlight class="normal"><sp/>(uint16_t<sp/>nodeIndex<sp/>=<sp/>0;<sp/>nodeIndex<sp/>&lt;<sp/>nodes.size();<sp/>nodeIndex++)<sp/>{</highlight></codeline>
<codeline lineno="79"><highlight class="normal"><sp/><sp/><sp/><sp/><sp/><sp/><sp/><sp/></highlight><highlight class="keywordflow">for</highlight><highlight class="normal"><sp/>(uint16_t<sp/>nodeIndexTwo<sp/>=<sp/>0;<sp/>nodeIndexTwo<sp/>&lt;<sp/>nodes.size();<sp/>nodeIndexTwo++)<sp/>{</highlight></codeline>
<codeline lineno="80"><highlight class="normal"><sp/><sp/><sp/><sp/><sp/><sp/><sp/><sp/><sp/><sp/><sp/><sp/></highlight><highlight class="keywordflow">if</highlight><highlight class="normal"><sp/>(nodeIndex<sp/>!=<sp/>nodeIndexTwo)<sp/>{</highlight></codeline>
<codeline lineno="81"><highlight class="normal"><sp/><sp/><sp/><sp/><sp/><sp/><sp/><sp/><sp/><sp/><sp/><sp/><sp/><sp/><sp/><sp/><ref refid="classPose2D" kindref="compound">Pose2D</ref><sp/>positionOne<sp/>=<sp/>nodes[nodeIndex]-&gt;getData();</highlight></codeline>
<codeline lineno="82"><highlight class="normal"><sp/><sp/><sp/><sp/><sp/><sp/><sp/><sp/><sp/><sp/><sp/><sp/><sp/><sp/><sp/><sp/><ref refid="classPose2D" kindref="compound">Pose2D</ref><sp/>positionTwo<sp/>=<sp/>nodes[nodeIndexTwo]-&gt;getData();</highlight></codeline>
<codeline lineno="83"><highlight class="normal"><sp/><sp/><sp/><sp/><sp/><sp/><sp/><sp/><sp/><sp/><sp/><sp/><sp/><sp/><sp/><sp/></highlight><highlight class="keywordtype">double</highlight><highlight class="normal"><sp/>length<sp/>=<sp/>positionOne.<ref refid="classPose2D_1a9acb14a9b0252c620dfc1e79139b52d3" kindref="member">distanceTo</ref>(positionTwo);</highlight></codeline>
<codeline lineno="84"><highlight class="normal"><sp/><sp/><sp/><sp/><sp/><sp/><sp/><sp/><sp/><sp/><sp/><sp/><sp/><sp/><sp/><sp/></highlight><highlight class="keywordtype">double</highlight><highlight class="normal"><sp/>dy<sp/>=<sp/>(positionTwo.<ref refid="classPose2D_1acfc52591b36947d8ead57ada1c12e5c2" kindref="member">getY</ref>()<sp/>-<sp/>positionOne.<ref refid="classPose2D_1acfc52591b36947d8ead57ada1c12e5c2" kindref="member">getY</ref>());</highlight></codeline>
<codeline lineno="85"><highlight class="normal"><sp/><sp/><sp/><sp/><sp/><sp/><sp/><sp/><sp/><sp/><sp/><sp/><sp/><sp/><sp/><sp/></highlight><highlight class="keywordtype">double</highlight><highlight class="normal"><sp/>dx<sp/>=<sp/>(positionTwo.<ref refid="classPose2D_1ad3453560b394884b5b94de1264b946fa" kindref="member">getX</ref>()<sp/>-<sp/>positionTwo.<ref refid="classPose2D_1acfc52591b36947d8ead57ada1c12e5c2" kindref="member">getY</ref>());</highlight></codeline>
<codeline lineno="86"><highlight class="normal"><sp/><sp/><sp/><sp/><sp/><sp/><sp/><sp/><sp/><sp/><sp/><sp/><sp/><sp/><sp/><sp/></highlight><highlight class="keywordtype">bool</highlight><highlight class="normal"><sp/>gotThrough<sp/>=<sp/></highlight><highlight class="keyword">true</highlight><highlight class="normal">;</highlight></codeline>
<codeline lineno="87"><highlight class="normal"></highlight></codeline>
<codeline lineno="88"><highlight class="normal"><sp/><sp/><sp/><sp/><sp/><sp/><sp/><sp/><sp/><sp/><sp/><sp/><sp/><sp/><sp/><sp/></highlight><highlight class="keywordflow">for</highlight><highlight class="normal"><sp/>(uint8_t<sp/>pillarIndex<sp/>=<sp/>0;<sp/>pillarIndex<sp/>&lt;<sp/><ref refid="classField_1a003a6384059a42b3d38bba86f8482bc5" kindref="member">pillars</ref>-&gt;size();<sp/>pillarIndex++)<sp/>{</highlight></codeline>
<codeline lineno="89"><highlight class="normal"><sp/><sp/><sp/><sp/><sp/><sp/><sp/><sp/><sp/><sp/><sp/><sp/><sp/><sp/><sp/><sp/><sp/><sp/><sp/><sp/></highlight><highlight class="keywordflow">if</highlight><highlight class="normal"><sp/>(<ref refid="classField_1a729114d0b55662bbcb8f21897617e0c1" kindref="member">lineIntersectsCircle</ref>(<ref refid="classField_1a003a6384059a42b3d38bba86f8482bc5" kindref="member">pillars</ref>-&gt;at(pillarIndex),<sp/>positionOne,<sp/>positionTwo))<sp/>{</highlight></codeline>
<codeline lineno="90"><highlight class="normal"><sp/><sp/><sp/><sp/><sp/><sp/><sp/><sp/><sp/><sp/><sp/><sp/><sp/><sp/><sp/><sp/><sp/><sp/><sp/><sp/><sp/><sp/><sp/><sp/></highlight><highlight class="comment">//<sp/>uh<sp/>oh<sp/>we<sp/>hit<sp/>the<sp/>circle</highlight><highlight class="normal"></highlight></codeline>
<codeline lineno="91"><highlight class="normal"><sp/><sp/><sp/><sp/><sp/><sp/><sp/><sp/><sp/><sp/><sp/><sp/><sp/><sp/><sp/><sp/><sp/><sp/><sp/><sp/><sp/><sp/><sp/><sp/>gotThrough<sp/>=<sp/></highlight><highlight class="keyword">false</highlight><highlight class="normal">;</highlight></codeline>
<codeline lineno="92"><highlight class="normal"><sp/><sp/><sp/><sp/><sp/><sp/><sp/><sp/><sp/><sp/><sp/><sp/><sp/><sp/><sp/><sp/><sp/><sp/><sp/><sp/>}</highlight></codeline>
<codeline lineno="93"><highlight class="normal"><sp/><sp/><sp/><sp/><sp/><sp/><sp/><sp/><sp/><sp/><sp/><sp/><sp/><sp/><sp/><sp/>}</highlight></codeline>
<codeline lineno="94"><highlight class="normal"></highlight></codeline>
<codeline lineno="95"><highlight class="normal"><sp/><sp/><sp/><sp/><sp/><sp/><sp/><sp/><sp/><sp/><sp/><sp/><sp/><sp/><sp/><sp/></highlight><highlight class="keywordflow">if</highlight><highlight class="normal"><sp/>(<ref refid="classField_1acd1e5fe551b0b0910391b193d29550ca" kindref="member">holeManager</ref>.<ref refid="classHoleManager_1a1a77b2aa21fe82b6aa7073aa004e9e6f" kindref="member">lineIntersectsAnyHoleMeasurement</ref>(positionOne,<sp/>positionTwo))<sp/>{</highlight></codeline>
<codeline lineno="96"><highlight class="normal"><sp/><sp/><sp/><sp/><sp/><sp/><sp/><sp/><sp/><sp/><sp/><sp/><sp/><sp/><sp/><sp/><sp/><sp/><sp/><sp/>gotThrough<sp/>=<sp/></highlight><highlight class="keyword">false</highlight><highlight class="normal">;</highlight></codeline>
<codeline lineno="97"><highlight class="normal"><sp/><sp/><sp/><sp/><sp/><sp/><sp/><sp/><sp/><sp/><sp/><sp/><sp/><sp/><sp/><sp/>}</highlight></codeline>
<codeline lineno="98"><highlight class="normal"></highlight></codeline>
<codeline lineno="99"><highlight class="normal"><sp/><sp/><sp/><sp/><sp/><sp/><sp/><sp/><sp/><sp/><sp/><sp/><sp/><sp/><sp/><sp/></highlight><highlight class="keywordflow">if</highlight><highlight class="normal"><sp/>(gotThrough)<sp/>{</highlight></codeline>
<codeline lineno="100"><highlight class="normal"><sp/><sp/><sp/><sp/><sp/><sp/><sp/><sp/><sp/><sp/><sp/><sp/><sp/><sp/><sp/><sp/><sp/><sp/><sp/><sp/></highlight><highlight class="comment">//<sp/>add<sp/>a<sp/>weight<sp/>between<sp/>nodes[nodeIndex]<sp/>and<sp/>nodes[nodeIndexTwo]</highlight><highlight class="normal"></highlight></codeline>
<codeline lineno="101"><highlight class="normal"><sp/><sp/><sp/><sp/><sp/><sp/><sp/><sp/><sp/><sp/><sp/><sp/><sp/><sp/><sp/><sp/><sp/><sp/><sp/><sp/><ref refid="classField_1ab69087224439a9f8c3414e7b72383201" kindref="member">graph</ref>.<ref refid="classGraph_1a38d9119ee08708322eb5908fac0f244f" kindref="member">addConnection</ref>(nodes[nodeIndex],<sp/>nodes[nodeIndexTwo],<sp/>length);</highlight></codeline>
<codeline lineno="102"><highlight class="normal"><sp/><sp/><sp/><sp/><sp/><sp/><sp/><sp/><sp/><sp/><sp/><sp/><sp/><sp/><sp/><sp/><sp/><sp/><sp/><sp/></highlight><highlight class="comment">//<sp/>print<sp/>out<sp/>attempt<sp/>to<sp/>add</highlight><highlight class="normal"></highlight></codeline>
<codeline lineno="103"><highlight class="normal"><sp/><sp/><sp/><sp/><sp/><sp/><sp/><sp/><sp/><sp/><sp/><sp/><sp/><sp/><sp/><sp/>}</highlight></codeline>
<codeline lineno="104"><highlight class="normal"><sp/><sp/><sp/><sp/><sp/><sp/><sp/><sp/><sp/><sp/><sp/><sp/>}</highlight></codeline>
<codeline lineno="105"><highlight class="normal"><sp/><sp/><sp/><sp/><sp/><sp/><sp/><sp/>}</highlight></codeline>
<codeline lineno="106"><highlight class="normal"><sp/><sp/><sp/><sp/>}</highlight></codeline>
<codeline lineno="107"><highlight class="normal">}</highlight></codeline>
<codeline lineno="108"><highlight class="normal"></highlight></codeline>
<codeline lineno="109" refid="classField_1aa988c5de70875dd81c766c9429a4b986" refkind="member"><highlight class="normal">std::vector&lt;Pose2D&gt;<sp/><ref refid="classField_1aa988c5de70875dd81c766c9429a4b986" kindref="member">Field::makePath</ref>()<sp/>{</highlight></codeline>
<codeline lineno="110"><highlight class="normal"><sp/><sp/><sp/><sp/>std::vector&lt;Node&lt;Pose2D&gt;*&gt;<sp/>path<sp/>=<sp/><ref refid="classField_1ab69087224439a9f8c3414e7b72383201" kindref="member">graph</ref>.<ref refid="classGraph_1a959dfd987107a8848c1c5c5da9f5e776" kindref="member">Dijkstra</ref>(<ref refid="classField_1ab69087224439a9f8c3414e7b72383201" kindref="member">graph</ref>.<ref refid="classGraph_1af1568475acf410ff0d52a2d756929064" kindref="member">getNodes</ref>()[0],<sp/><ref refid="classField_1ab69087224439a9f8c3414e7b72383201" kindref="member">graph</ref>.<ref refid="classGraph_1af1568475acf410ff0d52a2d756929064" kindref="member">getNodes</ref>()[<ref refid="classField_1a1d7b5e004850feaa692893d0c46add14" kindref="member">desiredIndex</ref>]);</highlight></codeline>
<codeline lineno="111"><highlight class="normal"><sp/><sp/><sp/><sp/>std::vector&lt;Pose2D&gt;<sp/>toReturn;</highlight></codeline>
<codeline lineno="112"><highlight class="normal"><sp/><sp/><sp/><sp/></highlight><highlight class="keywordflow">for</highlight><highlight class="normal"><sp/>(uint16_t<sp/>i<sp/>=<sp/>0;<sp/>i<sp/>&lt;<sp/>path.size();<sp/>i++)<sp/>{</highlight></codeline>
<codeline lineno="113"><highlight class="normal"><sp/><sp/><sp/><sp/><sp/><sp/><sp/><sp/>toReturn.push_back(path[i]-&gt;getData());</highlight></codeline>
<codeline lineno="114"><highlight class="normal"><sp/><sp/><sp/><sp/>}</highlight></codeline>
<codeline lineno="115"><highlight class="normal"><sp/><sp/><sp/><sp/></highlight><highlight class="keywordflow">return</highlight><highlight class="normal"><sp/>toReturn;</highlight></codeline>
<codeline lineno="116"><highlight class="normal">}</highlight></codeline>
<codeline lineno="117"><highlight class="normal"></highlight></codeline>
<codeline lineno="118" refid="classField_1a3ed7a96d07bdc2a21edda0fa7626e6fe" refkind="member"><highlight class="normal"></highlight><highlight class="keywordtype">bool</highlight><highlight class="normal"><sp/><ref refid="classField_1a3ed7a96d07bdc2a21edda0fa7626e6fe" kindref="member">Field::validLocationForNode</ref>(</highlight><highlight class="keyword">const</highlight><highlight class="normal"><sp/><ref refid="classPose2D" kindref="compound">Pose2D</ref>&amp;<sp/>location)<sp/>{</highlight></codeline>
<codeline lineno="119"><highlight class="normal"><sp/><sp/><sp/><sp/></highlight><highlight class="keywordflow">if</highlight><highlight class="normal"><sp/>(<ref refid="classField_1ad499baebb2aa49f7467d5d632ed97199" kindref="member">outOfBounds</ref>(location))<sp/>{</highlight></codeline>
<codeline lineno="120"><highlight class="normal"><sp/><sp/><sp/><sp/><sp/><sp/><sp/><sp/></highlight><highlight class="keywordflow">return</highlight><highlight class="normal"><sp/></highlight><highlight class="keyword">false</highlight><highlight class="normal">;</highlight></codeline>
<codeline lineno="121"><highlight class="normal"><sp/><sp/><sp/><sp/>}</highlight></codeline>
<codeline lineno="122"><highlight class="normal"><sp/><sp/><sp/><sp/></highlight><highlight class="keywordflow">for</highlight><highlight class="normal"><sp/>(</highlight><highlight class="keyword">auto</highlight><highlight class="normal"><sp/>&amp;<sp/>i<sp/>:<sp/>*<ref refid="classField_1a003a6384059a42b3d38bba86f8482bc5" kindref="member">pillars</ref>)<sp/>{</highlight></codeline>
<codeline lineno="123"><highlight class="normal"><sp/><sp/><sp/><sp/><sp/><sp/><sp/><sp/></highlight><highlight class="keywordflow">if</highlight><highlight class="normal"><sp/>(i.getPose().distanceTo(location)<sp/>&lt;<sp/>i.getRadius()<sp/>+<sp/><ref refid="Pose2D_8hpp_1aa214e157b90ee2b54649c3bb808b4d60" kindref="member">BOT_RADIUS</ref>)<sp/>{</highlight></codeline>
<codeline lineno="124"><highlight class="normal"><sp/><sp/><sp/><sp/><sp/><sp/><sp/><sp/><sp/><sp/><sp/><sp/></highlight><highlight class="keywordflow">return</highlight><highlight class="normal"><sp/></highlight><highlight class="keyword">false</highlight><highlight class="normal">;</highlight></codeline>
<codeline lineno="125"><highlight class="normal"><sp/><sp/><sp/><sp/><sp/><sp/><sp/><sp/>}</highlight></codeline>
<codeline lineno="126"><highlight class="normal"><sp/><sp/><sp/><sp/>}</highlight></codeline>
<codeline lineno="127"><highlight class="normal"><sp/><sp/><sp/><sp/></highlight><highlight class="keywordflow">if</highlight><highlight class="normal"><sp/>(<ref refid="classField_1acd1e5fe551b0b0910391b193d29550ca" kindref="member">holeManager</ref>.<ref refid="classHoleManager_1a3b0b1c780a1ed91646e0bcbf1dd23e70" kindref="member">nodeCollides</ref>(location))<sp/>{</highlight></codeline>
<codeline lineno="128"><highlight class="normal"><sp/><sp/><sp/><sp/><sp/><sp/><sp/><sp/></highlight><highlight class="keywordflow">return</highlight><highlight class="normal"><sp/></highlight><highlight class="keyword">false</highlight><highlight class="normal">;</highlight></codeline>
<codeline lineno="129"><highlight class="normal"><sp/><sp/><sp/><sp/>}</highlight></codeline>
<codeline lineno="130"><highlight class="normal"></highlight></codeline>
<codeline lineno="131"><highlight class="normal"><sp/><sp/><sp/><sp/></highlight><highlight class="keywordflow">return</highlight><highlight class="normal"><sp/></highlight><highlight class="keyword">true</highlight><highlight class="normal">;</highlight></codeline>
<codeline lineno="132"><highlight class="normal">}</highlight></codeline>
<codeline lineno="133"><highlight class="normal"></highlight></codeline>
<codeline lineno="134" refid="classField_1a87df29e3618d42c11b886bbcf07b1453" refkind="member"><highlight class="normal"><ref refid="classHoleManager" kindref="compound">HoleManager</ref>&amp;<sp/><ref refid="classField_1a87df29e3618d42c11b886bbcf07b1453" kindref="member">Field::getManager</ref>()<sp/>{</highlight></codeline>
<codeline lineno="135"><highlight class="normal"><sp/><sp/><sp/><sp/></highlight><highlight class="keywordflow">return</highlight><highlight class="normal"><sp/><ref refid="classField_1acd1e5fe551b0b0910391b193d29550ca" kindref="member">holeManager</ref>;</highlight></codeline>
<codeline lineno="136"><highlight class="normal">}</highlight></codeline>
<codeline lineno="137"><highlight class="normal"></highlight></codeline>
<codeline lineno="138" refid="classField_1a753a1dbb8d1e8b6159309bdfeec3d1f1" refkind="member"><highlight class="normal"></highlight><highlight class="keywordtype">void</highlight><highlight class="normal"><sp/><ref refid="classField_1a753a1dbb8d1e8b6159309bdfeec3d1f1" kindref="member">Field::clearField</ref>()<sp/>{</highlight></codeline>
<codeline lineno="139"><highlight class="normal"><sp/><sp/><sp/><sp/>this-&gt;<ref refid="classField_1a003a6384059a42b3d38bba86f8482bc5" kindref="member">pillars</ref>-&gt;clear();</highlight></codeline>
<codeline lineno="140"><highlight class="normal">}</highlight></codeline>
<codeline lineno="141"><highlight class="normal"></highlight></codeline>
<codeline lineno="142" refid="classField_1a3c2ce861d894d5ef000293887a2be3bb" refkind="member"><highlight class="normal">std::unique_ptr&lt;std::vector&lt;Pillar&gt;&gt;<sp/><ref refid="classField_1a3c2ce861d894d5ef000293887a2be3bb" kindref="member">Field::getPillars</ref>()<sp/>{</highlight></codeline>
<codeline lineno="143"><highlight class="normal"><sp/><sp/><sp/><sp/></highlight><highlight class="keywordflow">return</highlight><highlight class="normal"><sp/>std::move(<ref refid="classField_1a003a6384059a42b3d38bba86f8482bc5" kindref="member">pillars</ref>);<sp/></highlight></codeline>
<codeline lineno="144"><highlight class="normal">}</highlight></codeline>
<codeline lineno="145"><highlight class="normal"></highlight></codeline>
<codeline lineno="146" refid="classField_1ad3354ff6a0954809aa9e7082778d8c44" refkind="member"><highlight class="normal"></highlight><highlight class="keywordtype">void</highlight><highlight class="normal"><sp/><ref refid="classField_1ad3354ff6a0954809aa9e7082778d8c44" kindref="member">Field::setDesiredIndex</ref>(int32_t<sp/>index)<sp/>{</highlight></codeline>
<codeline lineno="147"><highlight class="normal"><sp/><sp/><sp/><sp/>this-&gt;<ref refid="classField_1a1d7b5e004850feaa692893d0c46add14" kindref="member">desiredIndex</ref><sp/>=<sp/>index;</highlight></codeline>
<codeline lineno="148"><highlight class="normal">}</highlight></codeline>
<codeline lineno="149"><highlight class="normal"></highlight></codeline>
<codeline lineno="150"><highlight class="normal"></highlight></codeline>
<codeline lineno="151" refid="classField_1a8a9681dae64b9db32d147ffefd25a78e" refkind="member"><highlight class="normal"></highlight><highlight class="keywordtype">void</highlight><highlight class="normal"><sp/><ref refid="classField_1a8a9681dae64b9db32d147ffefd25a78e" kindref="member">Field::setPillars</ref>(std::unique_ptr&lt;std::vector&lt;Pillar&gt;&gt;<sp/>pillars)<sp/>{</highlight></codeline>
<codeline lineno="152"><highlight class="normal"><sp/><sp/><sp/><sp/>this-&gt;<ref refid="classField_1a003a6384059a42b3d38bba86f8482bc5" kindref="member">pillars</ref><sp/>=<sp/>std::move(<ref refid="classField_1a003a6384059a42b3d38bba86f8482bc5" kindref="member">pillars</ref>);</highlight></codeline>
<codeline lineno="153"><highlight class="normal">}<sp/></highlight></codeline>
<codeline lineno="154"><highlight class="normal"></highlight></codeline>
<codeline lineno="155" refid="classField_1a55f738166b3267d7fa313465d2866dd4" refkind="member"><highlight class="normal"><ref refid="classPillar" kindref="compound">Pillar</ref><sp/><ref refid="classField_1a55f738166b3267d7fa313465d2866dd4" kindref="member">Field::getBotPose</ref>()<sp/>{</highlight></codeline>
<codeline lineno="156"><highlight class="normal"><sp/><sp/><sp/><sp/></highlight><highlight class="keywordflow">return</highlight><highlight class="normal"><sp/><ref refid="classField_1aa714dd29f5248a7de11e20c8c67f6bb4" kindref="member">botPose</ref>;</highlight></codeline>
<codeline lineno="157"><highlight class="normal">}</highlight></codeline>
<codeline lineno="158"><highlight class="normal"></highlight></codeline>
<codeline lineno="159" refid="classField_1a890d7140a600bed6eb18a549b1a0faf9" refkind="member"><highlight class="normal"></highlight><highlight class="keywordtype">void</highlight><highlight class="normal"><sp/><ref refid="classField_1a890d7140a600bed6eb18a549b1a0faf9" kindref="member">Field::addPillar</ref>(<ref refid="classPillar" kindref="compound">Pillar</ref>&amp;<sp/>newPillar)<sp/>{</highlight></codeline>
<codeline lineno="160"><highlight class="normal"><sp/><sp/><sp/><sp/>newPillar.<ref refid="classPillar_1acde6b927c883e0a5720e20d6b7f04ede" kindref="member">setRadius</ref>(<ref refid="classField_1ad631e7bd5cdcc7c10d274836ce464e1b" kindref="member">roundRadius</ref>(newPillar.<ref refid="classPillar_1a404e92b3ee6005fcd400ae120ce0b560" kindref="member">getRadius</ref>()));</highlight></codeline>
<codeline lineno="161"><highlight class="normal"></highlight></codeline>
<codeline lineno="162"><highlight class="normal"><sp/><sp/><sp/><sp/></highlight><highlight class="keywordflow">for</highlight><highlight class="normal"><sp/>(uint32_t<sp/>i<sp/>=<sp/>0;<sp/>i<sp/>&lt;<sp/>this-&gt;<ref refid="classField_1a003a6384059a42b3d38bba86f8482bc5" kindref="member">pillars</ref>-&gt;size();<sp/>i++)<sp/>{</highlight></codeline>
<codeline lineno="163"><highlight class="normal"><sp/><sp/><sp/><sp/><sp/><sp/><sp/><sp/></highlight><highlight class="keywordflow">if</highlight><highlight class="normal"><sp/>(this-&gt;<ref refid="classField_1a003a6384059a42b3d38bba86f8482bc5" kindref="member">pillars</ref>-&gt;at(i).getPose().distanceTo(newPillar.<ref refid="classPillar_1a6643c4f436b8264606fd1ef9adfafc75" kindref="member">getPose</ref>())<sp/>&lt;<sp/>newPillar.<ref refid="classPillar_1a404e92b3ee6005fcd400ae120ce0b560" kindref="member">getRadius</ref>()<sp/>+<sp/>this-&gt;pillars-&gt;at(i).getRadius())<sp/>{</highlight></codeline>
<codeline lineno="164"><highlight class="normal"><sp/><sp/><sp/><sp/><sp/><sp/><sp/><sp/><sp/><sp/><sp/><sp/></highlight><highlight class="comment">//<sp/>these<sp/>are<sp/>the<sp/>same<sp/>pillars</highlight><highlight class="normal"></highlight></codeline>
<codeline lineno="165"><highlight class="normal"><sp/><sp/><sp/><sp/><sp/><sp/><sp/><sp/><sp/><sp/><sp/><sp/><ref refid="classPose2D" kindref="compound">Pose2D</ref><sp/>sum<sp/>=<sp/>this-&gt;<ref refid="classField_1a003a6384059a42b3d38bba86f8482bc5" kindref="member">pillars</ref>-&gt;at(i).getPose();</highlight></codeline>
<codeline lineno="166"><highlight class="normal"><sp/><sp/><sp/><sp/><sp/><sp/><sp/><sp/><sp/><sp/><sp/><sp/>sum.<ref refid="classPose2D_1a5a031312210c5fd0d88855df26b53c1a" kindref="member">plus</ref>(newPillar.<ref refid="classPillar_1a6643c4f436b8264606fd1ef9adfafc75" kindref="member">getPose</ref>());</highlight></codeline>
<codeline lineno="167"><highlight class="normal"><sp/><sp/><sp/><sp/><sp/><sp/><sp/><sp/><sp/><sp/><sp/><sp/>sum.<ref refid="classPose2D_1a1cd7e63d410b091dcc89e20afcd65fff" kindref="member">multiply</ref>(0.5);</highlight></codeline>
<codeline lineno="168"><highlight class="normal"></highlight></codeline>
<codeline lineno="169"><highlight class="normal"><sp/><sp/><sp/><sp/><sp/><sp/><sp/><sp/><sp/><sp/><sp/><sp/><ref refid="classPose2D" kindref="compound">Pose2D</ref><sp/>error<sp/>=<sp/><ref refid="classPose2D" kindref="compound">Pose2D</ref>(sum);</highlight></codeline>
<codeline lineno="170"><highlight class="normal"><sp/><sp/><sp/><sp/><sp/><sp/><sp/><sp/><sp/><sp/><sp/><sp/>error.<ref refid="classPose2D_1adc44dfc82549ea97d3622052b615bf55" kindref="member">minus</ref>(this-&gt;<ref refid="classField_1a003a6384059a42b3d38bba86f8482bc5" kindref="member">pillars</ref>-&gt;at(i).getPose());</highlight></codeline>
<codeline lineno="171"><highlight class="normal"><sp/><sp/><sp/><sp/><sp/><sp/><sp/><sp/><sp/><sp/><sp/><sp/></highlight><highlight class="keywordflow">return</highlight><highlight class="normal">;</highlight></codeline>
<codeline lineno="172"><highlight class="normal"><sp/><sp/><sp/><sp/><sp/><sp/><sp/><sp/>}</highlight></codeline>
<codeline lineno="173"><highlight class="normal"><sp/><sp/><sp/><sp/>}</highlight></codeline>
<codeline lineno="174"><highlight class="normal"></highlight></codeline>
<codeline lineno="175"><highlight class="normal"><sp/><sp/><sp/><sp/>this-&gt;<ref refid="classField_1a003a6384059a42b3d38bba86f8482bc5" kindref="member">pillars</ref>-&gt;push_back(newPillar);</highlight></codeline>
<codeline lineno="176"><highlight class="normal"><sp/><sp/><sp/><sp/>this-&gt;<ref refid="classField_1a536803e37492ec349eae440878304a00" kindref="member">newPillars</ref>.push_back(newPillar);</highlight></codeline>
<codeline lineno="177"><highlight class="normal">}</highlight></codeline>
<codeline lineno="178"><highlight class="normal"></highlight></codeline>
<codeline lineno="179" refid="classField_1a099593a58a6edcd2e6e2831abbb8fe89" refkind="member"><highlight class="normal"></highlight><highlight class="keywordtype">void</highlight><highlight class="normal"><sp/><ref refid="classField_1a099593a58a6edcd2e6e2831abbb8fe89" kindref="member">Field::updateBotPose</ref>(</highlight><highlight class="keyword">const</highlight><highlight class="normal"><sp/><ref refid="classPose2D" kindref="compound">Pose2D</ref>&amp;<sp/>updatedPosition)<sp/>{</highlight></codeline>
<codeline lineno="180"><highlight class="normal"><sp/><sp/><sp/><sp/><ref refid="classPose2D" kindref="compound">Pose2D</ref><sp/>position(updatedPosition);</highlight></codeline>
<codeline lineno="181"><highlight class="normal"><sp/><sp/><sp/><sp/>position.<ref refid="classPose2D_1a52fbe813508bcb22e43c0ba8d1041246" kindref="member">wrapHeading</ref>();</highlight></codeline>
<codeline lineno="182"><highlight class="normal"><sp/><sp/><sp/><sp/>this-&gt;<ref refid="classField_1aa714dd29f5248a7de11e20c8c67f6bb4" kindref="member">botPose</ref>.<ref refid="classPillar_1a9877735341d7110c3d34633867528dbb" kindref="member">setPosition</ref>(position);</highlight></codeline>
<codeline lineno="183"><highlight class="normal"><sp/><sp/><sp/><sp/></highlight><highlight class="keywordflow">if</highlight><highlight class="normal"><sp/>(!<ref refid="classField_1ab69087224439a9f8c3414e7b72383201" kindref="member">graph</ref>.<ref refid="classGraph_1af1568475acf410ff0d52a2d756929064" kindref="member">getNodes</ref>().empty())<sp/>{</highlight></codeline>
<codeline lineno="184"><highlight class="normal"><sp/><sp/><sp/><sp/><sp/><sp/><sp/><sp/><ref refid="classField_1ab69087224439a9f8c3414e7b72383201" kindref="member">graph</ref>.<ref refid="classGraph_1af1568475acf410ff0d52a2d756929064" kindref="member">getNodes</ref>()[0]-&gt;SetData(position);</highlight></codeline>
<codeline lineno="185"><highlight class="normal"><sp/><sp/><sp/><sp/>}</highlight></codeline>
<codeline lineno="186"><highlight class="normal"><sp/><sp/><sp/><sp/></highlight><highlight class="keywordflow">else</highlight><highlight class="normal"><sp/>{</highlight></codeline>
<codeline lineno="187"><highlight class="normal"><sp/><sp/><sp/><sp/><sp/><sp/><sp/><sp/><ref refid="classField_1ab69087224439a9f8c3414e7b72383201" kindref="member">graph</ref>.<ref refid="classGraph_1a57412516ec06d7b21d377dfe73773f37" kindref="member">addNode</ref>(</highlight><highlight class="keyword">new</highlight><highlight class="normal"><sp/><ref refid="classNode" kindref="compound">Node&lt;Pose2D&gt;</ref>(position));</highlight></codeline>
<codeline lineno="188"><highlight class="normal"><sp/><sp/><sp/><sp/>}</highlight></codeline>
<codeline lineno="189"><highlight class="normal">}</highlight></codeline>
<codeline lineno="190"><highlight class="normal"></highlight></codeline>
<codeline lineno="191" refid="classField_1a1f3f3b289e23572dc12f9aef6b33817e" refkind="member"><highlight class="normal">std::vector&lt;Pillar&gt;<sp/><ref refid="classField_1a1f3f3b289e23572dc12f9aef6b33817e" kindref="member">Field::getCopyPillars</ref>()<sp/>{</highlight></codeline>
<codeline lineno="192"><highlight class="normal"><sp/><sp/><sp/><sp/>std::vector&lt;Pillar&gt;<sp/>copy;</highlight></codeline>
<codeline lineno="193"><highlight class="normal"><sp/><sp/><sp/><sp/></highlight><highlight class="keywordflow">for</highlight><highlight class="normal"><sp/>(</highlight><highlight class="keyword">const</highlight><highlight class="normal"><sp/></highlight><highlight class="keyword">auto</highlight><highlight class="normal"><sp/>&amp;<sp/>i<sp/>:<sp/>*<ref refid="classField_1a003a6384059a42b3d38bba86f8482bc5" kindref="member">pillars</ref>)<sp/>{</highlight></codeline>
<codeline lineno="194"><highlight class="normal"><sp/><sp/><sp/><sp/><sp/><sp/><sp/><sp/>copy.push_back(i);</highlight></codeline>
<codeline lineno="195"><highlight class="normal"><sp/><sp/><sp/><sp/>}</highlight></codeline>
<codeline lineno="196"><highlight class="normal"><sp/><sp/><sp/><sp/></highlight><highlight class="keywordflow">return</highlight><highlight class="normal"><sp/>copy;</highlight></codeline>
<codeline lineno="197"><highlight class="normal">}</highlight></codeline>
<codeline lineno="198"><highlight class="normal"></highlight></codeline>
<codeline lineno="199" refid="classField_1ad499baebb2aa49f7467d5d632ed97199" refkind="member"><highlight class="normal"></highlight><highlight class="keywordtype">bool</highlight><highlight class="normal"><sp/><ref refid="classField_1ad499baebb2aa49f7467d5d632ed97199" kindref="member">Field::outOfBounds</ref>(</highlight><highlight class="keyword">const</highlight><highlight class="normal"><sp/><ref refid="classPose2D" kindref="compound">Pose2D</ref>&amp;<sp/>location)<sp/>{</highlight></codeline>
<codeline lineno="200"><highlight class="normal"><sp/><sp/><sp/><sp/></highlight><highlight class="keywordflow">return</highlight><highlight class="normal"><sp/>(location.<ref refid="classPose2D_1ad3453560b394884b5b94de1264b946fa" kindref="member">getX</ref>()<sp/>&lt;<sp/>0<sp/>||<sp/>location.<ref refid="classPose2D_1acfc52591b36947d8ead57ada1c12e5c2" kindref="member">getY</ref>()<sp/>&lt;<sp/>0<sp/>||<sp/>location.<ref refid="classPose2D_1ad3453560b394884b5b94de1264b946fa" kindref="member">getX</ref>()<sp/>&gt;<sp/><ref refid="Field_8hpp_1a898606140dee9ce0adf096de00824d94" kindref="member">MAX_X</ref><sp/>||<sp/>location.<ref refid="classPose2D_1acfc52591b36947d8ead57ada1c12e5c2" kindref="member">getY</ref>()<sp/>&gt;<sp/><ref refid="Field_8hpp_1a985cc18be96dda7f59fd0400725e4aef" kindref="member">MAX_Y</ref>);</highlight></codeline>
<codeline lineno="201"><highlight class="normal">}</highlight></codeline>
<codeline lineno="202"><highlight class="normal"></highlight></codeline>
<codeline lineno="203" refid="classField_1aba8449d9e693a3542f37c223099464d9" refkind="member"><highlight class="normal"></highlight><highlight class="keywordtype">void</highlight><highlight class="normal"><sp/><ref refid="classField_1aba8449d9e693a3542f37c223099464d9" kindref="member">Field::addEdgeMeasurement</ref>(</highlight><highlight class="keyword">const</highlight><highlight class="normal"><sp/></highlight><highlight class="keywordtype">double</highlight><highlight class="normal"><sp/>rawPosition,<sp/></highlight><highlight class="keyword">const</highlight><highlight class="normal"><sp/><ref refid="Field_8hpp_1a8926bbad0c6fb22d1c85cb4fdcd286d5" kindref="member">Cardinality</ref><sp/>cardinality)<sp/>{</highlight></codeline>
<codeline lineno="204"><highlight class="normal"><sp/><sp/><sp/><sp/></highlight><highlight class="keywordflow">switch</highlight><highlight class="normal"><sp/>(cardinality)<sp/>{</highlight></codeline>
<codeline lineno="205"><highlight class="normal"><sp/><sp/><sp/><sp/><sp/><sp/><sp/><sp/></highlight><highlight class="keywordflow">case</highlight><highlight class="normal"><sp/><ref refid="Field_8hpp_1a8926bbad0c6fb22d1c85cb4fdcd286d5a2c63acbe79d9f41ba6bb7766e9c37702" kindref="member">N</ref>:</highlight></codeline>
<codeline lineno="206"><highlight class="normal"><sp/><sp/><sp/><sp/><sp/><sp/><sp/><sp/><sp/><sp/><sp/><sp/>{</highlight></codeline>
<codeline lineno="207"><highlight class="normal"><sp/><sp/><sp/><sp/><sp/><sp/><sp/><sp/><sp/><sp/><sp/><sp/><sp/><sp/><sp/><sp/><ref refid="classField_1adf27e38bcd47cb341328a2339b2c16a3" kindref="member">offset</ref>.<ref refid="classPose2D_1a2d4fc81aa0bd66e7fe5ad9ef23ca349c" kindref="member">setY</ref>(rawPosition);</highlight></codeline>
<codeline lineno="208"><highlight class="normal"><sp/><sp/><sp/><sp/><sp/><sp/><sp/><sp/><sp/><sp/><sp/><sp/>}</highlight></codeline>
<codeline lineno="209"><highlight class="normal"><sp/><sp/><sp/><sp/><sp/><sp/><sp/><sp/><sp/><sp/><sp/><sp/></highlight><highlight class="keywordflow">break</highlight><highlight class="normal">;</highlight></codeline>
<codeline lineno="210"><highlight class="normal"><sp/><sp/><sp/><sp/><sp/><sp/><sp/><sp/></highlight><highlight class="keywordflow">case</highlight><highlight class="normal"><sp/><ref refid="Field_8hpp_1a8926bbad0c6fb22d1c85cb4fdcd286d5af1ce01387d2348f8b858721a7db81670" kindref="member">S</ref>:</highlight></codeline>
<codeline lineno="211"><highlight class="normal"><sp/><sp/><sp/><sp/><sp/><sp/><sp/><sp/><sp/><sp/><sp/><sp/>{</highlight></codeline>
<codeline lineno="212"><highlight class="normal"><sp/><sp/><sp/><sp/><sp/><sp/><sp/><sp/><sp/><sp/><sp/><sp/><sp/><sp/><sp/><sp/><ref refid="classField_1adf27e38bcd47cb341328a2339b2c16a3" kindref="member">offset</ref>.<ref refid="classPose2D_1a2d4fc81aa0bd66e7fe5ad9ef23ca349c" kindref="member">setY</ref>(-rawPosition);</highlight></codeline>
<codeline lineno="213"><highlight class="normal"><sp/><sp/><sp/><sp/><sp/><sp/><sp/><sp/><sp/><sp/><sp/><sp/>}</highlight></codeline>
<codeline lineno="214"><highlight class="normal"><sp/><sp/><sp/><sp/><sp/><sp/><sp/><sp/><sp/><sp/><sp/><sp/></highlight><highlight class="keywordflow">break</highlight><highlight class="normal">;</highlight></codeline>
<codeline lineno="215"><highlight class="normal"><sp/><sp/><sp/><sp/><sp/><sp/><sp/><sp/></highlight><highlight class="keywordflow">case</highlight><highlight class="normal"><sp/><ref refid="Field_8hpp_1a8926bbad0c6fb22d1c85cb4fdcd286d5ab199e021998d49b1f09338d8b9b18ecb" kindref="member">E</ref>:</highlight></codeline>
<codeline lineno="216"><highlight class="normal"><sp/><sp/><sp/><sp/><sp/><sp/><sp/><sp/><sp/><sp/><sp/><sp/>{</highlight></codeline>
<codeline lineno="217"><highlight class="normal"><sp/><sp/><sp/><sp/><sp/><sp/><sp/><sp/><sp/><sp/><sp/><sp/><sp/><sp/><sp/><sp/><ref refid="classField_1adf27e38bcd47cb341328a2339b2c16a3" kindref="member">offset</ref>.<ref refid="classPose2D_1af2c1bc2df5d8a7d8914f8be52454f01c" kindref="member">setX</ref>(rawPosition);</highlight></codeline>
<codeline lineno="218"><highlight class="normal"><sp/><sp/><sp/><sp/><sp/><sp/><sp/><sp/><sp/><sp/><sp/><sp/>}</highlight></codeline>
<codeline lineno="219"><highlight class="normal"><sp/><sp/><sp/><sp/><sp/><sp/><sp/><sp/><sp/><sp/><sp/><sp/></highlight><highlight class="keywordflow">break</highlight><highlight class="normal">;</highlight></codeline>
<codeline lineno="220"><highlight class="normal"><sp/><sp/><sp/><sp/><sp/><sp/><sp/><sp/></highlight><highlight class="keywordflow">case</highlight><highlight class="normal"><sp/><ref refid="Field_8hpp_1a8926bbad0c6fb22d1c85cb4fdcd286d5ab722ceeb601c72cd78fbd35f3581fdf7" kindref="member">W</ref>:</highlight></codeline>
<codeline lineno="221"><highlight class="normal"><sp/><sp/><sp/><sp/><sp/><sp/><sp/><sp/><sp/><sp/><sp/><sp/>{</highlight></codeline>
<codeline lineno="222"><highlight class="normal"><sp/><sp/><sp/><sp/><sp/><sp/><sp/><sp/><sp/><sp/><sp/><sp/><sp/><sp/><sp/><sp/><ref refid="classField_1adf27e38bcd47cb341328a2339b2c16a3" kindref="member">offset</ref>.<ref refid="classPose2D_1af2c1bc2df5d8a7d8914f8be52454f01c" kindref="member">setX</ref>(-rawPosition);</highlight></codeline>
<codeline lineno="223"><highlight class="normal"><sp/><sp/><sp/><sp/><sp/><sp/><sp/><sp/><sp/><sp/><sp/><sp/>}</highlight></codeline>
<codeline lineno="224"><highlight class="normal"><sp/><sp/><sp/><sp/><sp/><sp/><sp/><sp/><sp/><sp/><sp/><sp/></highlight><highlight class="keywordflow">break</highlight><highlight class="normal">;</highlight></codeline>
<codeline lineno="225"><highlight class="normal"><sp/><sp/><sp/><sp/>}</highlight></codeline>
<codeline lineno="226"><highlight class="normal">}</highlight></codeline>
<codeline lineno="227"><highlight class="normal"></highlight></codeline>
<codeline lineno="228" refid="classField_1ae3ce826773c17f1e987af8ee4fb64269" refkind="member"><highlight class="normal"></highlight><highlight class="keywordtype">void</highlight><highlight class="normal"><sp/><ref refid="classField_1ae3ce826773c17f1e987af8ee4fb64269" kindref="member">Field::applyOffsetToEdge</ref>(</highlight><highlight class="keywordtype">double</highlight><highlight class="normal"><sp/>x,<sp/></highlight><highlight class="keywordtype">double</highlight><highlight class="normal"><sp/>y)<sp/>{</highlight></codeline>
<codeline lineno="229"><highlight class="normal"><sp/><sp/><sp/><sp/><ref refid="classPose2D" kindref="compound">Pose2D</ref><sp/><ref refid="classField_1adf27e38bcd47cb341328a2339b2c16a3" kindref="member">offset</ref><sp/>=<sp/><ref refid="classPose2D" kindref="compound">Pose2D</ref>(x,<sp/>y);</highlight></codeline>
<codeline lineno="230"><highlight class="normal"><sp/><sp/><sp/><sp/></highlight><highlight class="keywordflow">for</highlight><highlight class="normal"><sp/>(uint16_t<sp/>i<sp/>=<sp/>0;<sp/>i<sp/>&lt;<sp/>this-&gt;<ref refid="classField_1a003a6384059a42b3d38bba86f8482bc5" kindref="member">pillars</ref>-&gt;size();<sp/>i++)<sp/>{</highlight></codeline>
<codeline lineno="231"><highlight class="normal"><sp/><sp/><sp/><sp/><sp/><sp/><sp/><sp/>this-&gt;<ref refid="classField_1a003a6384059a42b3d38bba86f8482bc5" kindref="member">pillars</ref>-&gt;at(i).getPose().plus(<ref refid="classField_1adf27e38bcd47cb341328a2339b2c16a3" kindref="member">offset</ref>);</highlight></codeline>
<codeline lineno="232"><highlight class="normal"><sp/><sp/><sp/><sp/><sp/><sp/><sp/><sp/>this-&gt;<ref refid="classField_1acd1e5fe551b0b0910391b193d29550ca" kindref="member">holeManager</ref>.<ref refid="classHoleManager_1a0a8f51f0c0c0c3af90b3fd0a90ea062e" kindref="member">offsetAll</ref>(offset);</highlight></codeline>
<codeline lineno="233"><highlight class="normal"><sp/><sp/><sp/><sp/>}</highlight></codeline>
<codeline lineno="234"><highlight class="normal">}</highlight></codeline>
<codeline lineno="235"><highlight class="normal"></highlight></codeline>
<codeline lineno="236" refid="classField_1a729114d0b55662bbcb8f21897617e0c1" refkind="member"><highlight class="normal"></highlight><highlight class="keywordtype">bool</highlight><highlight class="normal"><sp/><ref refid="classField_1a729114d0b55662bbcb8f21897617e0c1" kindref="member">Field::lineIntersectsCircle</ref>(</highlight><highlight class="keywordtype">double</highlight><highlight class="normal"><sp/>cx,<sp/></highlight><highlight class="keywordtype">double</highlight><highlight class="normal"><sp/>cy,<sp/></highlight><highlight class="keywordtype">double</highlight><highlight class="normal"><sp/>r,<sp/></highlight><highlight class="keywordtype">double</highlight><highlight class="normal"><sp/>x1,<sp/></highlight><highlight class="keywordtype">double</highlight><highlight class="normal"><sp/>y1,<sp/></highlight><highlight class="keywordtype">double</highlight><highlight class="normal"><sp/>x2,<sp/></highlight><highlight class="keywordtype">double</highlight><highlight class="normal"><sp/>y2)<sp/>{</highlight></codeline>
<codeline lineno="237"><highlight class="normal"><sp/><sp/><sp/><sp/></highlight><highlight class="comment">//<sp/>Calculate<sp/>the<sp/>line<sp/>direction<sp/>vector</highlight><highlight class="normal"></highlight></codeline>
<codeline lineno="238"><highlight class="normal"><sp/><sp/><sp/><sp/></highlight><highlight class="keywordtype">double</highlight><highlight class="normal"><sp/>dx<sp/>=<sp/>x2<sp/>-<sp/>x1;</highlight></codeline>
<codeline lineno="239"><highlight class="normal"><sp/><sp/><sp/><sp/></highlight><highlight class="keywordtype">double</highlight><highlight class="normal"><sp/>dy<sp/>=<sp/>y2<sp/>-<sp/>y1;</highlight></codeline>
<codeline lineno="240"><highlight class="normal"></highlight></codeline>
<codeline lineno="241"><highlight class="normal"><sp/><sp/><sp/><sp/></highlight><highlight class="comment">//<sp/>Calculate<sp/>the<sp/>projection<sp/>of<sp/>the<sp/>circle<sp/>center<sp/>onto<sp/>the<sp/>line</highlight><highlight class="normal"></highlight></codeline>
<codeline lineno="242"><highlight class="normal"><sp/><sp/><sp/><sp/></highlight><highlight class="keywordtype">double</highlight><highlight class="normal"><sp/>t<sp/>=<sp/>((cx<sp/>-<sp/>x1)<sp/>*<sp/>dx<sp/>+<sp/>(cy<sp/>-<sp/>y1)<sp/>*<sp/>dy)<sp/>/<sp/>(dx<sp/>*<sp/>dx<sp/>+<sp/>dy<sp/>*<sp/>dy);</highlight></codeline>
<codeline lineno="243"><highlight class="normal"></highlight></codeline>
<codeline lineno="244"><highlight class="normal"><sp/><sp/><sp/><sp/></highlight><highlight class="comment">//<sp/>Find<sp/>the<sp/>closest<sp/>point<sp/>on<sp/>the<sp/>line<sp/>to<sp/>the<sp/>circle<sp/>center</highlight><highlight class="normal"></highlight></codeline>
<codeline lineno="245"><highlight class="normal"><sp/><sp/><sp/><sp/></highlight><highlight class="keywordtype">double</highlight><highlight class="normal"><sp/>closestX<sp/>=<sp/>x1<sp/>+<sp/>t<sp/>*<sp/>dx;</highlight></codeline>
<codeline lineno="246"><highlight class="normal"><sp/><sp/><sp/><sp/></highlight><highlight class="keywordtype">double</highlight><highlight class="normal"><sp/>closestY<sp/>=<sp/>y1<sp/>+<sp/>t<sp/>*<sp/>dy;</highlight></codeline>
<codeline lineno="247"><highlight class="normal"></highlight></codeline>
<codeline lineno="248"><highlight class="normal"><sp/><sp/><sp/><sp/></highlight><highlight class="comment">//<sp/>Calculate<sp/>the<sp/>distance<sp/>from<sp/>the<sp/>circle<sp/>center<sp/>to<sp/>the<sp/>closest<sp/>point</highlight><highlight class="normal"></highlight></codeline>
<codeline lineno="249"><highlight class="normal"><sp/><sp/><sp/><sp/></highlight><highlight class="keywordtype">double</highlight><highlight class="normal"><sp/>distX<sp/>=<sp/>closestX<sp/>-<sp/>cx;</highlight></codeline>
<codeline lineno="250"><highlight class="normal"><sp/><sp/><sp/><sp/></highlight><highlight class="keywordtype">double</highlight><highlight class="normal"><sp/>distY<sp/>=<sp/>closestY<sp/>-<sp/>cy;</highlight></codeline>
<codeline lineno="251"><highlight class="normal"><sp/><sp/><sp/><sp/></highlight><highlight class="keywordtype">double</highlight><highlight class="normal"><sp/>distanceToLine<sp/>=<sp/>std::sqrt(distX<sp/>*<sp/>distX<sp/>+<sp/>distY<sp/>*<sp/>distY);</highlight></codeline>
<codeline lineno="252"><highlight class="normal"></highlight></codeline>
<codeline lineno="253"><highlight class="normal"><sp/><sp/><sp/><sp/></highlight><highlight class="comment">//<sp/>Check<sp/>if<sp/>the<sp/>distance<sp/>is<sp/>less<sp/>than<sp/>or<sp/>equal<sp/>to<sp/>the<sp/>radius</highlight><highlight class="normal"></highlight></codeline>
<codeline lineno="254"><highlight class="normal"><sp/><sp/><sp/><sp/></highlight><highlight class="keywordflow">return</highlight><highlight class="normal"><sp/>distanceToLine<sp/>&lt;=<sp/>r;</highlight></codeline>
<codeline lineno="255"><highlight class="normal">}</highlight></codeline>
<codeline lineno="256"><highlight class="normal"></highlight></codeline>
<codeline lineno="257" refid="classField_1a076b4e7297f788e933b4ee824b930473" refkind="member"><highlight class="normal">int32_t<sp/><ref refid="classField_1a076b4e7297f788e933b4ee824b930473" kindref="member">Field::getDesiredIndex</ref>()</highlight><highlight class="keyword"><sp/>const<sp/></highlight><highlight class="normal">{</highlight></codeline>
<codeline lineno="258"><highlight class="normal"><sp/><sp/><sp/><sp/></highlight><highlight class="keywordflow">return</highlight><highlight class="normal"><sp/><ref refid="classField_1a1d7b5e004850feaa692893d0c46add14" kindref="member">desiredIndex</ref>;</highlight></codeline>
<codeline lineno="259"><highlight class="normal">}</highlight></codeline>
<codeline lineno="260"><highlight class="normal"></highlight></codeline>
<codeline lineno="261" refid="classField_1ae20c991c2df6d7e863458e181b683140" refkind="member"><highlight class="normal"><ref refid="classGraph" kindref="compound">Graph&lt;Pose2D&gt;</ref><sp/>&amp;<ref refid="classField_1ae20c991c2df6d7e863458e181b683140" kindref="member">Field::getGraph</ref>()<sp/>{</highlight></codeline>
<codeline lineno="262"><highlight class="normal"><sp/><sp/><sp/><sp/></highlight><highlight class="keywordflow">return</highlight><highlight class="normal"><sp/><ref refid="classField_1ab69087224439a9f8c3414e7b72383201" kindref="member">graph</ref>;</highlight></codeline>
<codeline lineno="263"><highlight class="normal">}</highlight></codeline>
<codeline lineno="264"><highlight class="normal"></highlight></codeline>
<codeline lineno="265" refid="classField_1a9448f436dd4e1e2d6bf1d82bf18c86a2" refkind="member"><highlight class="normal"></highlight><highlight class="keywordtype">void</highlight><highlight class="normal"><sp/><ref refid="classField_1a9448f436dd4e1e2d6bf1d82bf18c86a2" kindref="member">Field::updateDesired</ref>(</highlight><highlight class="keyword">const</highlight><highlight class="normal"><sp/><ref refid="classPose2D" kindref="compound">Pose2D</ref>&amp;<sp/>other)<sp/>{</highlight></codeline>
<codeline lineno="266"><highlight class="normal"><sp/><sp/><sp/><sp/></highlight><highlight class="keywordflow">if</highlight><highlight class="normal"><sp/>(<ref refid="classField_1a1d7b5e004850feaa692893d0c46add14" kindref="member">desiredIndex</ref><sp/>!=<sp/>-1)<sp/>{</highlight></codeline>
<codeline lineno="267"><highlight class="normal"><sp/><sp/><sp/><sp/><sp/><sp/><sp/><sp/><ref refid="classField_1ab69087224439a9f8c3414e7b72383201" kindref="member">graph</ref>.<ref refid="classGraph_1a307d8095432434d7e28cfba1bba884cb" kindref="member">removeNode</ref>(<ref refid="classField_1a1d7b5e004850feaa692893d0c46add14" kindref="member">desiredIndex</ref>);</highlight></codeline>
<codeline lineno="268"><highlight class="normal"><sp/><sp/><sp/><sp/>}</highlight></codeline>
<codeline lineno="269"><highlight class="normal"><sp/><sp/><sp/><sp/><ref refid="classField_1ab69087224439a9f8c3414e7b72383201" kindref="member">graph</ref>.<ref refid="classGraph_1a57412516ec06d7b21d377dfe73773f37" kindref="member">addNode</ref>(</highlight><highlight class="keyword">new</highlight><highlight class="normal"><sp/><ref refid="classNode" kindref="compound">Node&lt;Pose2D&gt;</ref>(other));</highlight></codeline>
<codeline lineno="270"><highlight class="normal"><sp/><sp/><sp/><sp/><ref refid="classField_1a1d7b5e004850feaa692893d0c46add14" kindref="member">desiredIndex</ref><sp/>=<sp/><ref refid="classField_1ab69087224439a9f8c3414e7b72383201" kindref="member">graph</ref>.<ref refid="classGraph_1af1568475acf410ff0d52a2d756929064" kindref="member">getNodes</ref>().size()<sp/>-<sp/>1;</highlight></codeline>
<codeline lineno="271"><highlight class="normal"><sp/><sp/><sp/><sp/>this-&gt;<ref refid="classField_1afba5f7de976bb8640644ba6cbb7b5e35" kindref="member">desiredDestination</ref><sp/>=<sp/>other;</highlight></codeline>
<codeline lineno="272"><highlight class="normal">}</highlight></codeline>
<codeline lineno="273"><highlight class="normal"></highlight></codeline>
<codeline lineno="274" refid="classField_1a5fa390f458efc053b4621a991566204f" refkind="member"><highlight class="normal"><ref refid="classPose2D" kindref="compound">Pose2D</ref><sp/><ref refid="classField_1a5fa390f458efc053b4621a991566204f" kindref="member">Field::getDesiredDestination</ref>()<sp/>{</highlight></codeline>
<codeline lineno="275"><highlight class="normal"><sp/><sp/><sp/><sp/></highlight><highlight class="keywordflow">return</highlight><highlight class="normal"><sp/>this-&gt;<ref refid="classField_1afba5f7de976bb8640644ba6cbb7b5e35" kindref="member">desiredDestination</ref>;</highlight></codeline>
<codeline lineno="276"><highlight class="normal">}</highlight></codeline>
    </programlisting>
    <location file="/home/calebk/Documents/coding/RoombaController/src/Field.cpp"/>
  </compounddef>
</doxygen>
