<?xml version='1.0' encoding='UTF-8' standalone='no'?>
<doxygen xmlns:xsi="http://www.w3.org/2001/XMLSchema-instance" xsi:noNamespaceSchemaLocation="compound.xsd" version="1.10.0" xml:lang="en-US">
  <compounddef id="Field_8hpp" kind="file" language="C++">
    <compoundname>Field.hpp</compoundname>
    <includes refid="Pillar_8hpp" local="yes">Pillar.hpp</includes>
    <includes local="yes">vector</includes>
    <includes local="no">cstdint</includes>
    <includes local="no">memory</includes>
    <includes refid="Graph_8hpp" local="yes">Graph.hpp</includes>
    <includes refid="HoleManager_8hpp" local="yes">HoleManager.hpp</includes>
    <includes refid="Pose2D_8hpp" local="yes">Pose2D.hpp</includes>
    <includedby refid="Field_8cpp" local="yes">/home/calebk/Documents/coding/RoombaController/src/Field.cpp</includedby>
    <includedby refid="HoleManager_8cpp" local="yes">/home/calebk/Documents/coding/RoombaController/src/HoleManager.cpp</includedby>
    <includedby refid="main_8cpp" local="yes">/home/calebk/Documents/coding/RoombaController/src/main.cpp</includedby>
    <incdepgraph>
      <node id="1">
        <label>/home/calebk/Documents/coding/RoombaController/src/Field.hpp</label>
        <link refid="Field_8hpp"/>
        <childnode refid="2" relation="include">
        </childnode>
        <childnode refid="8" relation="include">
        </childnode>
        <childnode refid="5" relation="include">
        </childnode>
        <childnode refid="9" relation="include">
        </childnode>
        <childnode refid="10" relation="include">
        </childnode>
        <childnode refid="15" relation="include">
        </childnode>
        <childnode refid="3" relation="include">
        </childnode>
      </node>
      <node id="10">
        <label>Graph.hpp</label>
        <link refid="Graph_8hpp"/>
        <childnode refid="11" relation="include">
        </childnode>
        <childnode refid="3" relation="include">
        </childnode>
        <childnode refid="13" relation="include">
        </childnode>
        <childnode refid="8" relation="include">
        </childnode>
        <childnode refid="14" relation="include">
        </childnode>
      </node>
      <node id="16">
        <label>Hole.hpp</label>
        <link refid="Hole_8hpp"/>
        <childnode refid="8" relation="include">
        </childnode>
        <childnode refid="9" relation="include">
        </childnode>
        <childnode refid="3" relation="include">
        </childnode>
        <childnode refid="4" relation="include">
        </childnode>
        <childnode refid="7" relation="include">
        </childnode>
      </node>
      <node id="15">
        <label>HoleManager.hpp</label>
        <link refid="HoleManager_8hpp"/>
        <childnode refid="16" relation="include">
        </childnode>
        <childnode refid="17" relation="include">
        </childnode>
      </node>
      <node id="12">
        <label>Node.cpp</label>
        <link refid="Node_8cpp"/>
        <childnode refid="11" relation="include">
        </childnode>
      </node>
      <node id="11">
        <label>Node.hpp</label>
        <link refid="Node_8hpp"/>
        <childnode refid="3" relation="include">
        </childnode>
        <childnode refid="12" relation="include">
        </childnode>
      </node>
      <node id="2">
        <label>Pillar.hpp</label>
        <link refid="Pillar_8hpp"/>
        <childnode refid="3" relation="include">
        </childnode>
      </node>
      <node id="3">
        <label>Pose2D.hpp</label>
        <link refid="Pose2D_8hpp"/>
        <childnode refid="4" relation="include">
        </childnode>
        <childnode refid="5" relation="include">
        </childnode>
        <childnode refid="6" relation="include">
        </childnode>
        <childnode refid="7" relation="include">
        </childnode>
      </node>
      <node id="17">
        <label>util.hpp</label>
        <link refid="util_8hpp"/>
        <childnode refid="4" relation="include">
        </childnode>
      </node>
      <node id="4">
        <label>cmath</label>
      </node>
      <node id="5">
        <label>cstdint</label>
      </node>
      <node id="14">
        <label>map</label>
      </node>
      <node id="9">
        <label>memory</label>
      </node>
      <node id="7">
        <label>ostream</label>
      </node>
      <node id="6">
        <label>sstream</label>
      </node>
      <node id="13">
        <label>stack</label>
      </node>
      <node id="8">
        <label>vector</label>
      </node>
    </incdepgraph>
    <invincdepgraph>
      <node id="2">
        <label>/home/calebk/Documents/coding/RoombaController/src/Field.cpp</label>
        <link refid="Field_8cpp"/>
      </node>
      <node id="1">
        <label>/home/calebk/Documents/coding/RoombaController/src/Field.hpp</label>
        <link refid="Field_8hpp"/>
        <childnode refid="2" relation="include">
        </childnode>
        <childnode refid="3" relation="include">
        </childnode>
        <childnode refid="4" relation="include">
        </childnode>
      </node>
      <node id="3">
        <label>/home/calebk/Documents/coding/RoombaController/src/HoleManager.cpp</label>
        <link refid="HoleManager_8cpp"/>
      </node>
      <node id="4">
        <label>/home/calebk/Documents/coding/RoombaController/src/main.cpp</label>
        <link refid="main_8cpp"/>
      </node>
    </invincdepgraph>
    <innerclass refid="classField" prot="public">Field</innerclass>
    <sectiondef kind="define">
      <memberdef kind="define" id="Field_8hpp_1a898606140dee9ce0adf096de00824d94" prot="public" static="no">
        <name>MAX_X</name>
        <initializer>426.72</initializer>
        <briefdescription>
        </briefdescription>
        <detaileddescription>
<para>THe max x position on the field </para>
        </detaileddescription>
        <inbodydescription>
        </inbodydescription>
        <location file="/home/calebk/Documents/coding/RoombaController/src/Field.hpp" line="20" column="9" bodyfile="/home/calebk/Documents/coding/RoombaController/src/Field.hpp" bodystart="20" bodyend="-1"/>
      </memberdef>
      <memberdef kind="define" id="Field_8hpp_1a985cc18be96dda7f59fd0400725e4aef" prot="public" static="no">
        <name>MAX_Y</name>
        <initializer>242.57</initializer>
        <briefdescription>
        </briefdescription>
        <detaileddescription>
<para>The max y position on the field </para>
        </detaileddescription>
        <inbodydescription>
        </inbodydescription>
        <location file="/home/calebk/Documents/coding/RoombaController/src/Field.hpp" line="25" column="9" bodyfile="/home/calebk/Documents/coding/RoombaController/src/Field.hpp" bodystart="25" bodyend="-1"/>
      </memberdef>
    </sectiondef>
    <sectiondef kind="enum">
      <memberdef kind="enum" id="Field_8hpp_1a8926bbad0c6fb22d1c85cb4fdcd286d5" prot="public" static="no" strong="no">
        <type></type>
        <name>Cardinality</name>
        <enumvalue id="Field_8hpp_1a8926bbad0c6fb22d1c85cb4fdcd286d5a2c63acbe79d9f41ba6bb7766e9c37702" prot="public">
          <name>N</name>
          <initializer>= &apos;N&apos;</initializer>
          <briefdescription>
          </briefdescription>
          <detaileddescription>
          </detaileddescription>
        </enumvalue>
        <enumvalue id="Field_8hpp_1a8926bbad0c6fb22d1c85cb4fdcd286d5af1ce01387d2348f8b858721a7db81670" prot="public">
          <name>S</name>
          <initializer>= &apos;S&apos;</initializer>
          <briefdescription>
          </briefdescription>
          <detaileddescription>
          </detaileddescription>
        </enumvalue>
        <enumvalue id="Field_8hpp_1a8926bbad0c6fb22d1c85cb4fdcd286d5ab199e021998d49b1f09338d8b9b18ecb" prot="public">
          <name>E</name>
          <initializer>= &apos;E&apos;</initializer>
          <briefdescription>
          </briefdescription>
          <detaileddescription>
          </detaileddescription>
        </enumvalue>
        <enumvalue id="Field_8hpp_1a8926bbad0c6fb22d1c85cb4fdcd286d5ab722ceeb601c72cd78fbd35f3581fdf7" prot="public">
          <name>W</name>
          <initializer>= &apos;W&apos;</initializer>
          <briefdescription>
          </briefdescription>
          <detaileddescription>
          </detaileddescription>
        </enumvalue>
        <briefdescription>
        </briefdescription>
        <detaileddescription>
<para>Norht, South, East, West </para>
        </detaileddescription>
        <inbodydescription>
        </inbodydescription>
        <location file="/home/calebk/Documents/coding/RoombaController/src/Field.hpp" line="30" column="1" bodyfile="/home/calebk/Documents/coding/RoombaController/src/Field.hpp" bodystart="30" bodyend="35"/>
      </memberdef>
    </sectiondef>
    <briefdescription>
    </briefdescription>
    <detaileddescription>
    </detaileddescription>
    <programlisting>
<codeline lineno="1"><highlight class="comment">//</highlight><highlight class="normal"></highlight></codeline>
<codeline lineno="2"><highlight class="normal"></highlight><highlight class="comment">//<sp/>Created<sp/>by<sp/>caleb<sp/>on<sp/>10/25/2024</highlight><highlight class="normal"></highlight></codeline>
<codeline lineno="3"><highlight class="normal"></highlight><highlight class="comment">//</highlight><highlight class="normal"></highlight></codeline>
<codeline lineno="4"><highlight class="normal"></highlight></codeline>
<codeline lineno="5"><highlight class="normal"></highlight><highlight class="preprocessor">#ifndef<sp/>FIELD_H</highlight><highlight class="normal"></highlight></codeline>
<codeline lineno="6"><highlight class="normal"></highlight><highlight class="preprocessor">#define<sp/>FIELD_H</highlight><highlight class="normal"></highlight></codeline>
<codeline lineno="7"><highlight class="normal"></highlight></codeline>
<codeline lineno="8"><highlight class="normal"></highlight><highlight class="preprocessor">#include<sp/>&quot;<ref refid="Pillar_8hpp" kindref="compound">Pillar.hpp</ref>&quot;</highlight><highlight class="normal"></highlight></codeline>
<codeline lineno="9"><highlight class="normal"></highlight><highlight class="preprocessor">#include<sp/>&quot;vector&quot;</highlight><highlight class="normal"></highlight></codeline>
<codeline lineno="10"><highlight class="normal"></highlight><highlight class="preprocessor">#include<sp/>&lt;cstdint&gt;</highlight><highlight class="normal"><sp/></highlight></codeline>
<codeline lineno="11"><highlight class="normal"></highlight><highlight class="preprocessor">#include<sp/>&lt;memory&gt;</highlight><highlight class="normal"></highlight></codeline>
<codeline lineno="12"><highlight class="normal"></highlight></codeline>
<codeline lineno="13"><highlight class="normal"></highlight><highlight class="preprocessor">#include<sp/>&quot;<ref refid="Graph_8hpp" kindref="compound">Graph.hpp</ref>&quot;</highlight><highlight class="normal"></highlight></codeline>
<codeline lineno="14"><highlight class="normal"></highlight><highlight class="preprocessor">#include<sp/>&quot;<ref refid="HoleManager_8hpp" kindref="compound">HoleManager.hpp</ref>&quot;</highlight><highlight class="normal"></highlight></codeline>
<codeline lineno="15"><highlight class="normal"></highlight><highlight class="preprocessor">#include<sp/>&quot;<ref refid="Pose2D_8hpp" kindref="compound">Pose2D.hpp</ref>&quot;</highlight><highlight class="normal"></highlight></codeline>
<codeline lineno="16"><highlight class="normal"></highlight></codeline>
<codeline lineno="20" refid="Field_8hpp_1a898606140dee9ce0adf096de00824d94" refkind="member"><highlight class="normal"></highlight><highlight class="preprocessor">#define<sp/>MAX_X<sp/>426.72</highlight><highlight class="normal"></highlight></codeline>
<codeline lineno="21"><highlight class="normal"></highlight></codeline>
<codeline lineno="25" refid="Field_8hpp_1a985cc18be96dda7f59fd0400725e4aef" refkind="member"><highlight class="normal"></highlight><highlight class="preprocessor">#define<sp/>MAX_Y<sp/>242.57</highlight><highlight class="normal"></highlight></codeline>
<codeline lineno="26"><highlight class="normal"></highlight></codeline>
<codeline lineno="30" refid="Field_8hpp_1a8926bbad0c6fb22d1c85cb4fdcd286d5" refkind="member"><highlight class="normal"></highlight><highlight class="keyword">enum</highlight><highlight class="normal"><sp/><ref refid="Field_8hpp_1a8926bbad0c6fb22d1c85cb4fdcd286d5" kindref="member">Cardinality</ref><sp/>{</highlight></codeline>
<codeline lineno="31" refid="Field_8hpp_1a8926bbad0c6fb22d1c85cb4fdcd286d5a2c63acbe79d9f41ba6bb7766e9c37702" refkind="member"><highlight class="normal"><sp/><sp/><sp/><sp/><ref refid="Field_8hpp_1a8926bbad0c6fb22d1c85cb4fdcd286d5a2c63acbe79d9f41ba6bb7766e9c37702" kindref="member">N</ref><sp/>=<sp/></highlight><highlight class="charliteral">&apos;N&apos;</highlight><highlight class="normal">,</highlight></codeline>
<codeline lineno="32" refid="Field_8hpp_1a8926bbad0c6fb22d1c85cb4fdcd286d5af1ce01387d2348f8b858721a7db81670" refkind="member"><highlight class="normal"><sp/><sp/><sp/><sp/><ref refid="Field_8hpp_1a8926bbad0c6fb22d1c85cb4fdcd286d5af1ce01387d2348f8b858721a7db81670" kindref="member">S</ref><sp/>=<sp/></highlight><highlight class="charliteral">&apos;S&apos;</highlight><highlight class="normal">,</highlight></codeline>
<codeline lineno="33" refid="Field_8hpp_1a8926bbad0c6fb22d1c85cb4fdcd286d5ab199e021998d49b1f09338d8b9b18ecb" refkind="member"><highlight class="normal"><sp/><sp/><sp/><sp/><ref refid="Field_8hpp_1a8926bbad0c6fb22d1c85cb4fdcd286d5ab199e021998d49b1f09338d8b9b18ecb" kindref="member">E</ref><sp/>=<sp/></highlight><highlight class="charliteral">&apos;E&apos;</highlight><highlight class="normal">,</highlight></codeline>
<codeline lineno="34" refid="Field_8hpp_1a8926bbad0c6fb22d1c85cb4fdcd286d5ab722ceeb601c72cd78fbd35f3581fdf7" refkind="member"><highlight class="normal"><sp/><sp/><sp/><sp/><ref refid="Field_8hpp_1a8926bbad0c6fb22d1c85cb4fdcd286d5ab722ceeb601c72cd78fbd35f3581fdf7" kindref="member">W</ref><sp/>=<sp/></highlight><highlight class="charliteral">&apos;W&apos;</highlight><highlight class="normal">,</highlight></codeline>
<codeline lineno="35"><highlight class="normal">};</highlight></codeline>
<codeline lineno="36"><highlight class="normal"></highlight></codeline>
<codeline lineno="40" refid="classField" refkind="compound"><highlight class="normal"></highlight><highlight class="keyword">class<sp/></highlight><highlight class="normal"><ref refid="classField" kindref="compound">Field</ref><sp/>{</highlight></codeline>
<codeline lineno="41"><highlight class="normal"><sp/><sp/></highlight><highlight class="keyword">protected</highlight><highlight class="normal">:</highlight></codeline>
<codeline lineno="46" refid="classField_1a003a6384059a42b3d38bba86f8482bc5" refkind="member"><highlight class="normal"><sp/>std::unique_ptr&lt;std::vector&lt;Pillar&gt;&gt;<sp/><ref refid="classField_1a003a6384059a42b3d38bba86f8482bc5" kindref="member">pillars</ref>;</highlight></codeline>
<codeline lineno="47"><highlight class="normal"></highlight></codeline>
<codeline lineno="51" refid="classField_1acd1e5fe551b0b0910391b193d29550ca" refkind="member"><highlight class="normal"><sp/><ref refid="classHoleManager" kindref="compound">HoleManager</ref><sp/><ref refid="classField_1acd1e5fe551b0b0910391b193d29550ca" kindref="member">holeManager</ref>;</highlight></codeline>
<codeline lineno="52"><highlight class="normal"></highlight></codeline>
<codeline lineno="57" refid="classField_1adf27e38bcd47cb341328a2339b2c16a3" refkind="member"><highlight class="normal"><sp/><ref refid="classPose2D" kindref="compound">Pose2D</ref><sp/><ref refid="classField_1adf27e38bcd47cb341328a2339b2c16a3" kindref="member">offset</ref>;</highlight></codeline>
<codeline lineno="58"><highlight class="normal"></highlight></codeline>
<codeline lineno="62" refid="classField_1afba5f7de976bb8640644ba6cbb7b5e35" refkind="member"><highlight class="normal"><sp/><ref refid="classPose2D" kindref="compound">Pose2D</ref><sp/><ref refid="classField_1afba5f7de976bb8640644ba6cbb7b5e35" kindref="member">desiredDestination</ref>;</highlight></codeline>
<codeline lineno="63"><highlight class="normal"></highlight></codeline>
<codeline lineno="67" refid="classField_1aa714dd29f5248a7de11e20c8c67f6bb4" refkind="member"><highlight class="normal"><sp/><ref refid="classPillar" kindref="compound">Pillar</ref><sp/><ref refid="classField_1aa714dd29f5248a7de11e20c8c67f6bb4" kindref="member">botPose</ref>;</highlight></codeline>
<codeline lineno="68"><highlight class="normal"></highlight></codeline>
<codeline lineno="73" refid="classField_1a5a6d409dcc5a61d64888f8ca20c6b05f" refkind="member"><highlight class="normal"><sp/><ref refid="classPose2D" kindref="compound">Pose2D</ref><sp/><ref refid="classField_1a5a6d409dcc5a61d64888f8ca20c6b05f" kindref="member">runningError</ref>;</highlight></codeline>
<codeline lineno="74"><highlight class="normal"></highlight></codeline>
<codeline lineno="82" refid="classField_1ab69087224439a9f8c3414e7b72383201" refkind="member"><highlight class="normal"><sp/><ref refid="classGraph" kindref="compound">Graph&lt;Pose2D&gt;</ref><sp/><ref refid="classField_1ab69087224439a9f8c3414e7b72383201" kindref="member">graph</ref>;</highlight></codeline>
<codeline lineno="83"><highlight class="normal"></highlight></codeline>
<codeline lineno="87" refid="classField_1a1d7b5e004850feaa692893d0c46add14" refkind="member"><highlight class="normal"><sp/>int32_t<sp/><ref refid="classField_1a1d7b5e004850feaa692893d0c46add14" kindref="member">desiredIndex</ref><sp/>=<sp/>-1;</highlight></codeline>
<codeline lineno="88"><highlight class="normal"></highlight></codeline>
<codeline lineno="93" refid="classField_1a536803e37492ec349eae440878304a00" refkind="member"><highlight class="normal"><sp/>std::vector&lt;Pillar&gt;<sp/><ref refid="classField_1a536803e37492ec349eae440878304a00" kindref="member">newPillars</ref>;</highlight></codeline>
<codeline lineno="94"><highlight class="normal"><sp/><sp/><sp/><sp/></highlight></codeline>
<codeline lineno="95"><highlight class="normal"><sp/><sp/></highlight><highlight class="keyword">public</highlight><highlight class="normal">:</highlight></codeline>
<codeline lineno="102"><highlight class="normal"><sp/><sp/><sp/><sp/><ref refid="classField_1a3e804c92273d9159f413f227b535c672" kindref="member">Field</ref>(</highlight><highlight class="keyword">const</highlight><highlight class="normal"><sp/>std::vector&lt;Pillar&gt;&amp;<sp/><ref refid="classField_1a003a6384059a42b3d38bba86f8482bc5" kindref="member">pillars</ref>,<sp/></highlight><highlight class="keyword">const</highlight><highlight class="normal"><sp/><ref refid="classPose2D" kindref="compound">Pose2D</ref>&amp;<sp/><ref refid="classField_1afba5f7de976bb8640644ba6cbb7b5e35" kindref="member">desiredDestination</ref>,<sp/></highlight><highlight class="keyword">const</highlight><highlight class="normal"><sp/><ref refid="classPillar" kindref="compound">Pillar</ref>&amp;<sp/><ref refid="classField_1aa714dd29f5248a7de11e20c8c67f6bb4" kindref="member">botPose</ref>);</highlight></codeline>
<codeline lineno="103"><highlight class="normal"></highlight></codeline>
<codeline lineno="109"><highlight class="normal"><sp/><sp/><sp/><sp/><ref refid="classField_1a3e804c92273d9159f413f227b535c672" kindref="member">Field</ref>(</highlight><highlight class="keyword">const</highlight><highlight class="normal"><sp/>std::vector&lt;Pillar&gt;&amp;<sp/><ref refid="classField_1a003a6384059a42b3d38bba86f8482bc5" kindref="member">pillars</ref>,<sp/></highlight><highlight class="keyword">const</highlight><highlight class="normal"><sp/><ref refid="classPose2D" kindref="compound">Pose2D</ref>&amp;<sp/><ref refid="classField_1afba5f7de976bb8640644ba6cbb7b5e35" kindref="member">desiredDestination</ref>);</highlight></codeline>
<codeline lineno="110"><highlight class="normal"></highlight></codeline>
<codeline lineno="114"><highlight class="normal"><sp/><sp/><sp/><sp/><ref refid="classField_1a3e804c92273d9159f413f227b535c672" kindref="member">Field</ref>();</highlight></codeline>
<codeline lineno="115"><highlight class="normal"></highlight></codeline>
<codeline lineno="123" refid="classField_1a5d6ee1de8a4bf615a3eb2b0ed080479d" refkind="member"><highlight class="normal"><sp/><sp/><sp/><sp/><ref refid="classField_1a5d6ee1de8a4bf615a3eb2b0ed080479d" kindref="member">Field</ref>(</highlight><highlight class="keyword">const</highlight><highlight class="normal"><sp/>std::unique_ptr&lt;std::vector&lt;Pillar&gt;&gt;<sp/>&amp;<ref refid="classField_1a003a6384059a42b3d38bba86f8482bc5" kindref="member">pillars</ref>,<sp/></highlight><highlight class="keyword">const</highlight><highlight class="normal"><sp/><ref refid="classPose2D" kindref="compound">Pose2D</ref><sp/>&amp;desired_destination,</highlight></codeline>
<codeline lineno="124"><highlight class="normal"><sp/><sp/><sp/><sp/><sp/><sp/><sp/><sp/><sp/><sp/></highlight><highlight class="keyword">const</highlight><highlight class="normal"><sp/><ref refid="classPillar" kindref="compound">Pillar</ref><sp/>&amp;bot_pose,<sp/></highlight><highlight class="keyword">const</highlight><highlight class="normal"><sp/><ref refid="classGraph" kindref="compound">Graph&lt;Pose2D&gt;</ref><sp/>&amp;<ref refid="classField_1ab69087224439a9f8c3414e7b72383201" kindref="member">graph</ref>);</highlight></codeline>
<codeline lineno="125"><highlight class="normal"></highlight></codeline>
<codeline lineno="131"><highlight class="normal"><sp/></highlight><highlight class="keywordtype">void</highlight><highlight class="normal"><sp/><ref refid="classField_1aba8449d9e693a3542f37c223099464d9" kindref="member">addEdgeMeasurement</ref>(</highlight><highlight class="keywordtype">double</highlight><highlight class="normal"><sp/>rawPosition,<sp/><ref refid="Field_8hpp_1a8926bbad0c6fb22d1c85cb4fdcd286d5" kindref="member">Cardinality</ref><sp/>cardinality);</highlight></codeline>
<codeline lineno="132"><highlight class="normal"></highlight></codeline>
<codeline lineno="137"><highlight class="normal"><sp/><ref refid="classHoleManager" kindref="compound">HoleManager</ref>&amp;<sp/><ref refid="classField_1a87df29e3618d42c11b886bbcf07b1453" kindref="member">getManager</ref>();</highlight></codeline>
<codeline lineno="138"><highlight class="normal"></highlight></codeline>
<codeline lineno="144"><highlight class="normal"><sp/></highlight><highlight class="keywordtype">void</highlight><highlight class="normal"><sp/><ref refid="classField_1ae3ce826773c17f1e987af8ee4fb64269" kindref="member">applyOffsetToEdge</ref>(</highlight><highlight class="keywordtype">double</highlight><highlight class="normal"><sp/>x,<sp/></highlight><highlight class="keywordtype">double</highlight><highlight class="normal"><sp/>y);</highlight></codeline>
<codeline lineno="145"><highlight class="normal"></highlight></codeline>
<codeline lineno="149"><highlight class="normal"><sp/>[[nodiscard]]<sp/>int32_t<sp/><ref refid="classField_1a076b4e7297f788e933b4ee824b930473" kindref="member">getDesiredIndex</ref>()<sp/></highlight><highlight class="keyword">const</highlight><highlight class="normal">;</highlight></codeline>
<codeline lineno="150"><highlight class="normal"></highlight></codeline>
<codeline lineno="154"><highlight class="normal"><sp/></highlight><highlight class="keywordtype">void</highlight><highlight class="normal"><sp/><ref refid="classField_1a753a1dbb8d1e8b6159309bdfeec3d1f1" kindref="member">clearField</ref>();</highlight></codeline>
<codeline lineno="155"><highlight class="normal"></highlight></codeline>
<codeline lineno="160"><highlight class="normal"><sp/><ref refid="classGraph" kindref="compound">Graph&lt;Pose2D&gt;</ref>&amp;<sp/><ref refid="classField_1ae20c991c2df6d7e863458e181b683140" kindref="member">getGraph</ref>();</highlight></codeline>
<codeline lineno="161"><highlight class="normal"></highlight></codeline>
<codeline lineno="165"><highlight class="normal"><sp/><ref refid="classPillar" kindref="compound">Pillar</ref><sp/><ref refid="classField_1a55f738166b3267d7fa313465d2866dd4" kindref="member">getBotPose</ref>();</highlight></codeline>
<codeline lineno="166"><highlight class="normal"></highlight></codeline>
<codeline lineno="172"><highlight class="normal"><sp/></highlight><highlight class="keyword">static</highlight><highlight class="normal"><sp/></highlight><highlight class="keywordtype">bool</highlight><highlight class="normal"><sp/><ref refid="classField_1ad499baebb2aa49f7467d5d632ed97199" kindref="member">outOfBounds</ref>(</highlight><highlight class="keyword">const</highlight><highlight class="normal"><sp/><ref refid="classPose2D" kindref="compound">Pose2D</ref>&amp;<sp/>location);</highlight></codeline>
<codeline lineno="173"><highlight class="normal"></highlight></codeline>
<codeline lineno="177"><highlight class="normal"><sp/><sp/><sp/><sp/></highlight><highlight class="keyword">static</highlight><highlight class="normal"><sp/></highlight><highlight class="keywordtype">bool</highlight><highlight class="normal"><sp/><ref refid="classField_1a729114d0b55662bbcb8f21897617e0c1" kindref="member">lineIntersectsCircle</ref>(</highlight><highlight class="keywordtype">double</highlight><highlight class="normal"><sp/>cx,<sp/></highlight><highlight class="keywordtype">double</highlight><highlight class="normal"><sp/>cy,<sp/></highlight><highlight class="keywordtype">double</highlight><highlight class="normal"><sp/>r,<sp/></highlight><highlight class="keywordtype">double</highlight><highlight class="normal"><sp/>x1,<sp/></highlight><highlight class="keywordtype">double</highlight><highlight class="normal"><sp/>y1,<sp/></highlight><highlight class="keywordtype">double</highlight><highlight class="normal"><sp/>x2,<sp/></highlight><highlight class="keywordtype">double</highlight><highlight class="normal"><sp/>y2);</highlight></codeline>
<codeline lineno="178"><highlight class="normal"></highlight></codeline>
<codeline lineno="182" refid="classField_1a1d2b8ed638cd4b785be4156a3638578d" refkind="member"><highlight class="normal"><sp/></highlight><highlight class="keyword">static</highlight><highlight class="normal"><sp/></highlight><highlight class="keywordtype">bool</highlight><highlight class="normal"><sp/><ref refid="classField_1a1d2b8ed638cd4b785be4156a3638578d" kindref="member">lineIntersectsCircle</ref>(<ref refid="classPillar" kindref="compound">Pillar</ref><sp/>p1,<sp/></highlight><highlight class="keyword">const</highlight><highlight class="normal"><sp/><ref refid="classPose2D" kindref="compound">Pose2D</ref>&amp;<sp/>one,<sp/></highlight><highlight class="keyword">const</highlight><highlight class="normal"><sp/><ref refid="classPose2D" kindref="compound">Pose2D</ref>&amp;<sp/>two)<sp/>{</highlight><highlight class="keywordflow">return</highlight><highlight class="normal"><sp/><ref refid="classField_1a1d2b8ed638cd4b785be4156a3638578d" kindref="member">lineIntersectsCircle</ref>(p1.<ref refid="classPillar_1adc8c902c96a36b5e8e6642e2b462e927" kindref="member">getX</ref>(),<sp/>p1.<ref refid="classPillar_1a6a39e5dac33d94196391caeeb379c48a" kindref="member">getY</ref>(),<sp/>p1.<ref refid="classPillar_1a404e92b3ee6005fcd400ae120ce0b560" kindref="member">getRadius</ref>()<sp/>+<sp/><ref refid="Pose2D_8hpp_1aa214e157b90ee2b54649c3bb808b4d60" kindref="member">BOT_RADIUS</ref>,<sp/>one.<ref refid="classPose2D_1ad3453560b394884b5b94de1264b946fa" kindref="member">getX</ref>(),<sp/>one.<ref refid="classPose2D_1acfc52591b36947d8ead57ada1c12e5c2" kindref="member">getY</ref>(),<sp/>two.<ref refid="classPose2D_1ad3453560b394884b5b94de1264b946fa" kindref="member">getX</ref>(),<sp/>two.<ref refid="classPose2D_1acfc52591b36947d8ead57ada1c12e5c2" kindref="member">getY</ref>());<sp/>}</highlight></codeline>
<codeline lineno="183"><highlight class="normal"></highlight></codeline>
<codeline lineno="187"><highlight class="normal"><sp/></highlight><highlight class="keywordtype">void</highlight><highlight class="normal"><sp/><ref refid="classField_1a3e9096a686ffb177056e24dfb920a610" kindref="member">discretizeGraph</ref>();</highlight></codeline>
<codeline lineno="188"><highlight class="normal"></highlight></codeline>
<codeline lineno="192"><highlight class="normal"><sp/></highlight><highlight class="keywordtype">void</highlight><highlight class="normal"><sp/><ref refid="classField_1ab1945d8274ee391ea813863aa94c5d52" kindref="member">weightGraph</ref>();</highlight></codeline>
<codeline lineno="193"><highlight class="normal"></highlight></codeline>
<codeline lineno="198"><highlight class="normal"><sp/>std::vector&lt;Pose2D&gt;<sp/><ref refid="classField_1aa988c5de70875dd81c766c9429a4b986" kindref="member">makePath</ref>();</highlight></codeline>
<codeline lineno="199"><highlight class="normal"></highlight></codeline>
<codeline lineno="204"><highlight class="normal"><sp/></highlight><highlight class="keywordtype">void</highlight><highlight class="normal"><sp/><ref refid="classField_1a890d7140a600bed6eb18a549b1a0faf9" kindref="member">addPillar</ref>(<ref refid="classPillar" kindref="compound">Pillar</ref>&amp;<sp/>newPillar);</highlight></codeline>
<codeline lineno="205"><highlight class="normal"></highlight></codeline>
<codeline lineno="210"><highlight class="normal"><sp/><sp/><sp/><sp/></highlight><highlight class="keywordtype">void</highlight><highlight class="normal"><sp/><ref refid="classField_1a099593a58a6edcd2e6e2831abbb8fe89" kindref="member">updateBotPose</ref>(</highlight><highlight class="keyword">const</highlight><highlight class="normal"><sp/><ref refid="classPose2D" kindref="compound">Pose2D</ref>&amp;<sp/>updatedPosition);</highlight></codeline>
<codeline lineno="211"><highlight class="normal"></highlight></codeline>
<codeline lineno="216"><highlight class="normal"><sp/><sp/><sp/><sp/>std::unique_ptr&lt;std::vector&lt;Pillar&gt;&gt;<sp/><ref refid="classField_1a3c2ce861d894d5ef000293887a2be3bb" kindref="member">getPillars</ref>();</highlight></codeline>
<codeline lineno="217"><highlight class="normal"></highlight></codeline>
<codeline lineno="222"><highlight class="normal"><sp/><sp/><sp/><sp/></highlight><highlight class="keywordtype">void</highlight><highlight class="normal"><sp/><ref refid="classField_1a8a9681dae64b9db32d147ffefd25a78e" kindref="member">setPillars</ref>(std::unique_ptr&lt;std::vector&lt;Pillar&gt;&gt;<sp/><ref refid="classField_1a003a6384059a42b3d38bba86f8482bc5" kindref="member">pillars</ref>);</highlight></codeline>
<codeline lineno="223"><highlight class="normal"></highlight></codeline>
<codeline lineno="227"><highlight class="normal"><sp/><sp/><sp/><sp/>std::vector&lt;Pillar&gt;<sp/><ref refid="classField_1a1f3f3b289e23572dc12f9aef6b33817e" kindref="member">getCopyPillars</ref>();</highlight></codeline>
<codeline lineno="228"><highlight class="normal"></highlight></codeline>
<codeline lineno="234"><highlight class="normal"><sp/><sp/><sp/><sp/></highlight><highlight class="keywordtype">bool</highlight><highlight class="normal"><sp/><ref refid="classField_1a3ed7a96d07bdc2a21edda0fa7626e6fe" kindref="member">validLocationForNode</ref>(</highlight><highlight class="keyword">const</highlight><highlight class="normal"><sp/><ref refid="classPose2D" kindref="compound">Pose2D</ref>&amp;<sp/>location);</highlight></codeline>
<codeline lineno="235"><highlight class="normal"></highlight></codeline>
<codeline lineno="240"><highlight class="normal"><sp/><sp/><sp/><sp/><ref refid="classPose2D" kindref="compound">Pose2D</ref><sp/><ref refid="classField_1a5fa390f458efc053b4621a991566204f" kindref="member">getDesiredDestination</ref>();</highlight></codeline>
<codeline lineno="241"><highlight class="normal"></highlight></codeline>
<codeline lineno="245"><highlight class="normal"><sp/><sp/><sp/><sp/></highlight><highlight class="keywordtype">void</highlight><highlight class="normal"><sp/><ref refid="classField_1a9448f436dd4e1e2d6bf1d82bf18c86a2" kindref="member">updateDesired</ref>(</highlight><highlight class="keyword">const</highlight><highlight class="normal"><sp/><ref refid="classPose2D" kindref="compound">Pose2D</ref>&amp;<sp/>other);</highlight></codeline>
<codeline lineno="246"><highlight class="normal"></highlight></codeline>
<codeline lineno="251"><highlight class="normal"><sp/><sp/><sp/><sp/></highlight><highlight class="keywordtype">void</highlight><highlight class="normal"><sp/><ref refid="classField_1ad3354ff6a0954809aa9e7082778d8c44" kindref="member">setDesiredIndex</ref>(int32_t<sp/>index);</highlight></codeline>
<codeline lineno="252"><highlight class="normal"></highlight></codeline>
<codeline lineno="258" refid="classField_1ad631e7bd5cdcc7c10d274836ce464e1b" refkind="member"><highlight class="normal"><sp/><sp/><sp/><sp/></highlight><highlight class="keyword">static</highlight><highlight class="normal"><sp/></highlight><highlight class="keywordtype">double</highlight><highlight class="normal"><sp/><ref refid="classField_1ad631e7bd5cdcc7c10d274836ce464e1b" kindref="member">roundRadius</ref>(</highlight><highlight class="keywordtype">double</highlight><highlight class="normal"><sp/>radius)<sp/>{</highlight></codeline>
<codeline lineno="259"><highlight class="normal"><sp/><sp/><sp/><sp/><sp/><sp/><sp/><sp/></highlight><highlight class="keyword">const</highlight><highlight class="normal"><sp/></highlight><highlight class="keywordtype">double</highlight><highlight class="normal"><sp/>possibleRadii[]<sp/>=<sp/>{5.1,<sp/>7.62,<sp/>10.16,<sp/>12.7};</highlight></codeline>
<codeline lineno="260"><highlight class="normal"><sp/><sp/><sp/><sp/><sp/><sp/><sp/><sp/></highlight><highlight class="keywordtype">double</highlight><highlight class="normal"><sp/>closest<sp/>=<sp/>possibleRadii[0];</highlight></codeline>
<codeline lineno="261"><highlight class="normal"><sp/><sp/><sp/><sp/><sp/><sp/><sp/><sp/></highlight><highlight class="keywordtype">double</highlight><highlight class="normal"><sp/>minDiff<sp/>=<sp/>std::abs(radius<sp/>-<sp/>possibleRadii[0]);</highlight></codeline>
<codeline lineno="262"><highlight class="normal"></highlight></codeline>
<codeline lineno="263"><highlight class="normal"><sp/><sp/><sp/><sp/><sp/><sp/><sp/><sp/></highlight><highlight class="keywordflow">for</highlight><highlight class="normal"><sp/>(</highlight><highlight class="keywordtype">double</highlight><highlight class="normal"><sp/>r<sp/>:<sp/>possibleRadii)<sp/>{</highlight></codeline>
<codeline lineno="264"><highlight class="normal"><sp/><sp/><sp/><sp/><sp/><sp/><sp/><sp/><sp/><sp/><sp/><sp/></highlight><highlight class="keywordtype">double</highlight><highlight class="normal"><sp/>diff<sp/>=<sp/>std::abs(radius<sp/>-<sp/>r);</highlight></codeline>
<codeline lineno="265"><highlight class="normal"><sp/><sp/><sp/><sp/><sp/><sp/><sp/><sp/><sp/><sp/><sp/><sp/></highlight><highlight class="keywordflow">if</highlight><highlight class="normal"><sp/>(diff<sp/>&lt;<sp/>minDiff)<sp/>{</highlight></codeline>
<codeline lineno="266"><highlight class="normal"><sp/><sp/><sp/><sp/><sp/><sp/><sp/><sp/><sp/><sp/><sp/><sp/><sp/><sp/><sp/><sp/>minDiff<sp/>=<sp/>diff;</highlight></codeline>
<codeline lineno="267"><highlight class="normal"><sp/><sp/><sp/><sp/><sp/><sp/><sp/><sp/><sp/><sp/><sp/><sp/><sp/><sp/><sp/><sp/>closest<sp/>=<sp/>r;</highlight></codeline>
<codeline lineno="268"><highlight class="normal"><sp/><sp/><sp/><sp/><sp/><sp/><sp/><sp/><sp/><sp/><sp/><sp/>}</highlight></codeline>
<codeline lineno="269"><highlight class="normal"><sp/><sp/><sp/><sp/><sp/><sp/><sp/><sp/>}</highlight></codeline>
<codeline lineno="270"><highlight class="normal"><sp/><sp/><sp/><sp/><sp/><sp/><sp/><sp/></highlight><highlight class="keywordflow">return</highlight><highlight class="normal"><sp/>closest;</highlight></codeline>
<codeline lineno="271"><highlight class="normal"><sp/><sp/><sp/><sp/>}</highlight></codeline>
<codeline lineno="272"><highlight class="normal"></highlight></codeline>
<codeline lineno="273"><highlight class="normal"><sp/><sp/><sp/><sp/>};</highlight></codeline>
<codeline lineno="274"><highlight class="normal"></highlight></codeline>
<codeline lineno="275"><highlight class="normal"></highlight><highlight class="preprocessor">#endif<sp/></highlight><highlight class="comment">//FIELD_H</highlight><highlight class="normal"></highlight></codeline>
    </programlisting>
    <location file="/home/calebk/Documents/coding/RoombaController/src/Field.hpp"/>
  </compounddef>
</doxygen>
