<?xml version='1.0' encoding='UTF-8' standalone='no'?>
<doxygen xmlns:xsi="http://www.w3.org/2001/XMLSchema-instance" xsi:noNamespaceSchemaLocation="compound.xsd" version="1.10.0" xml:lang="en-US">
  <compounddef id="Hole_8hpp" kind="file" language="C++">
    <compoundname>Hole.hpp</compoundname>
    <includes local="yes">vector</includes>
    <includes local="no">memory</includes>
    <includes refid="Pose2D_8hpp" local="yes">Pose2D.hpp</includes>
    <includes local="no">cmath</includes>
    <includes local="no">ostream</includes>
    <includedby refid="Hole_8cpp" local="yes">/home/calebk/Documents/coding/RoombaController/src/Hole.cpp</includedby>
    <includedby refid="HoleManager_8hpp" local="yes">/home/calebk/Documents/coding/RoombaController/src/HoleManager.hpp</includedby>
    <includedby refid="main_8cpp" local="yes">/home/calebk/Documents/coding/RoombaController/src/main.cpp</includedby>
    <incdepgraph>
      <node id="1">
        <label>/home/calebk/Documents/coding/RoombaController/src/Hole.hpp</label>
        <link refid="Hole_8hpp"/>
        <childnode refid="2" relation="include">
        </childnode>
        <childnode refid="3" relation="include">
        </childnode>
        <childnode refid="4" relation="include">
        </childnode>
        <childnode refid="5" relation="include">
        </childnode>
        <childnode refid="8" relation="include">
        </childnode>
      </node>
      <node id="4">
        <label>Pose2D.hpp</label>
        <link refid="Pose2D_8hpp"/>
        <childnode refid="5" relation="include">
        </childnode>
        <childnode refid="6" relation="include">
        </childnode>
        <childnode refid="7" relation="include">
        </childnode>
        <childnode refid="8" relation="include">
        </childnode>
      </node>
      <node id="5">
        <label>cmath</label>
      </node>
      <node id="6">
        <label>cstdint</label>
      </node>
      <node id="3">
        <label>memory</label>
      </node>
      <node id="8">
        <label>ostream</label>
      </node>
      <node id="7">
        <label>sstream</label>
      </node>
      <node id="2">
        <label>vector</label>
      </node>
    </incdepgraph>
    <invincdepgraph>
      <node id="5">
        <label>/home/calebk/Documents/coding/RoombaController/src/Field.cpp</label>
        <link refid="Field_8cpp"/>
      </node>
      <node id="4">
        <label>/home/calebk/Documents/coding/RoombaController/src/Field.hpp</label>
        <link refid="Field_8hpp"/>
        <childnode refid="5" relation="include">
        </childnode>
        <childnode refid="6" relation="include">
        </childnode>
        <childnode refid="7" relation="include">
        </childnode>
      </node>
      <node id="2">
        <label>/home/calebk/Documents/coding/RoombaController/src/Hole.cpp</label>
        <link refid="Hole_8cpp"/>
      </node>
      <node id="1">
        <label>/home/calebk/Documents/coding/RoombaController/src/Hole.hpp</label>
        <link refid="Hole_8hpp"/>
        <childnode refid="2" relation="include">
        </childnode>
        <childnode refid="3" relation="include">
        </childnode>
        <childnode refid="7" relation="include">
        </childnode>
      </node>
      <node id="6">
        <label>/home/calebk/Documents/coding/RoombaController/src/HoleManager.cpp</label>
        <link refid="HoleManager_8cpp"/>
      </node>
      <node id="3">
        <label>/home/calebk/Documents/coding/RoombaController/src/HoleManager.hpp</label>
        <link refid="HoleManager_8hpp"/>
        <childnode refid="4" relation="include">
        </childnode>
        <childnode refid="6" relation="include">
        </childnode>
      </node>
      <node id="7">
        <label>/home/calebk/Documents/coding/RoombaController/src/main.cpp</label>
        <link refid="main_8cpp"/>
      </node>
    </invincdepgraph>
    <innerclass refid="classHole" prot="public">Hole</innerclass>
    <sectiondef kind="define">
      <memberdef kind="define" id="Hole_8hpp_1a657e122f8983d0a993ee0266696f1984" prot="public" static="no">
        <name>HOLE_SIZE</name>
        <initializer>69.06</initializer>
        <briefdescription>
        </briefdescription>
        <detaileddescription>
<para>Made by Caleb Kugel on 11/15/2024 </para>
        </detaileddescription>
        <inbodydescription>
        </inbodydescription>
        <location file="/home/calebk/Documents/coding/RoombaController/src/Hole.hpp" line="14" column="9" bodyfile="/home/calebk/Documents/coding/RoombaController/src/Hole.hpp" bodystart="14" bodyend="-1"/>
      </memberdef>
    </sectiondef>
    <briefdescription>
    </briefdescription>
    <detaileddescription>
    </detaileddescription>
    <programlisting>
<codeline lineno="1"></codeline>
<codeline lineno="5"><highlight class="normal"></highlight><highlight class="preprocessor">#ifndef<sp/>HOLE_H</highlight><highlight class="normal"></highlight></codeline>
<codeline lineno="6"><highlight class="normal"></highlight><highlight class="preprocessor">#define<sp/>HOLE_H</highlight><highlight class="normal"></highlight></codeline>
<codeline lineno="7"><highlight class="normal"></highlight></codeline>
<codeline lineno="8"><highlight class="normal"></highlight><highlight class="preprocessor">#include<sp/>&quot;vector&quot;</highlight><highlight class="normal"></highlight></codeline>
<codeline lineno="9"><highlight class="normal"></highlight><highlight class="preprocessor">#include<sp/>&lt;memory&gt;</highlight><highlight class="normal"></highlight></codeline>
<codeline lineno="10"><highlight class="normal"></highlight><highlight class="preprocessor">#include<sp/>&quot;<ref refid="Pose2D_8hpp" kindref="compound">Pose2D.hpp</ref>&quot;</highlight><highlight class="normal"></highlight></codeline>
<codeline lineno="11"><highlight class="normal"></highlight><highlight class="preprocessor">#include<sp/>&lt;cmath&gt;</highlight><highlight class="normal"></highlight></codeline>
<codeline lineno="12"><highlight class="normal"></highlight><highlight class="preprocessor">#include<sp/>&lt;ostream&gt;</highlight><highlight class="normal"></highlight></codeline>
<codeline lineno="13"><highlight class="normal"></highlight></codeline>
<codeline lineno="14" refid="Hole_8hpp_1a657e122f8983d0a993ee0266696f1984" refkind="member"><highlight class="normal"></highlight><highlight class="preprocessor">#define<sp/>HOLE_SIZE<sp/>69.06<sp/></highlight><highlight class="comment">//<sp/>centimeters</highlight><highlight class="normal"></highlight></codeline>
<codeline lineno="15"><highlight class="normal"></highlight></codeline>
<codeline lineno="20" refid="classHole" refkind="compound"><highlight class="normal"></highlight><highlight class="keyword">class<sp/></highlight><highlight class="normal"><ref refid="classHole" kindref="compound">Hole</ref><sp/>{</highlight></codeline>
<codeline lineno="21"><highlight class="normal"><sp/><sp/><sp/><sp/></highlight><highlight class="keyword">private</highlight><highlight class="normal">:</highlight></codeline>
<codeline lineno="22"><highlight class="normal"><sp/><sp/><sp/><sp/><ref refid="classPose2D" kindref="compound">Pose2D</ref><sp/>cornerOne;</highlight></codeline>
<codeline lineno="23"><highlight class="normal"><sp/><sp/><sp/><sp/><ref refid="classPose2D" kindref="compound">Pose2D</ref><sp/>cornerTwo;</highlight></codeline>
<codeline lineno="24"><highlight class="normal"><sp/><sp/><sp/><sp/></highlight><highlight class="keywordtype">double</highlight><highlight class="normal"><sp/>threshold<sp/>=<sp/>-1;</highlight></codeline>
<codeline lineno="25"><highlight class="normal"><sp/><sp/><sp/><sp/></highlight><highlight class="keywordtype">double</highlight><highlight class="normal"><sp/>phi<sp/>=<sp/>-1;</highlight></codeline>
<codeline lineno="26"><highlight class="normal"><sp/><sp/><sp/><sp/></highlight><highlight class="keywordtype">double</highlight><highlight class="normal"><sp/>x_translation_one<sp/>=<sp/>-1;</highlight></codeline>
<codeline lineno="27"><highlight class="normal"><sp/><sp/><sp/><sp/></highlight><highlight class="keywordtype">double</highlight><highlight class="normal"><sp/>y_translation_one<sp/>=<sp/>-1;</highlight></codeline>
<codeline lineno="28"><highlight class="normal"><sp/><sp/><sp/><sp/></highlight><highlight class="keywordtype">double</highlight><highlight class="normal"><sp/>x_translation_two<sp/>=<sp/>-1;</highlight></codeline>
<codeline lineno="29"><highlight class="normal"><sp/><sp/><sp/><sp/></highlight><highlight class="keywordtype">double</highlight><highlight class="normal"><sp/>y_translation_two<sp/>=<sp/>-1;</highlight></codeline>
<codeline lineno="30"><highlight class="normal"><sp/><sp/><sp/><sp/></highlight><highlight class="keywordtype">double</highlight><highlight class="normal"><sp/>holeSize<sp/>=<sp/>-1;</highlight></codeline>
<codeline lineno="31"><highlight class="normal"></highlight></codeline>
<codeline lineno="32"><highlight class="normal"><sp/><sp/><sp/><sp/></highlight><highlight class="keywordtype">bool</highlight><highlight class="normal"><sp/>foundHole<sp/>=<sp/></highlight><highlight class="keyword">false</highlight><highlight class="normal">;</highlight></codeline>
<codeline lineno="33"><highlight class="normal"></highlight></codeline>
<codeline lineno="34"><highlight class="normal"><sp/><sp/><sp/><sp/>std::unique_ptr&lt;std::vector&lt;Pose2D&gt;&gt;<sp/>points;</highlight></codeline>
<codeline lineno="35"><highlight class="normal"><sp/><sp/><sp/><sp/>std::unique_ptr&lt;std::vector&lt;Hole&gt;&gt;<sp/>pointHoles;</highlight></codeline>
<codeline lineno="36"><highlight class="normal"><sp/><sp/><sp/><sp/></highlight><highlight class="keyword">public</highlight><highlight class="normal">:</highlight></codeline>
<codeline lineno="37"><highlight class="normal"><sp/><sp/><sp/><sp/></highlight></codeline>
<codeline lineno="45"><highlight class="normal"><sp/><sp/><sp/><sp/><ref refid="classHole_1a90b129019613cc439b9834058f8727b1" kindref="member">Hole</ref>(</highlight><highlight class="keywordtype">double</highlight><highlight class="normal"><sp/>X1,<sp/></highlight><highlight class="keywordtype">double</highlight><highlight class="normal"><sp/>Y1,<sp/></highlight><highlight class="keywordtype">double</highlight><highlight class="normal"><sp/>X2,<sp/></highlight><highlight class="keywordtype">double</highlight><highlight class="normal"><sp/>Y2,<sp/></highlight><highlight class="keywordtype">double</highlight><highlight class="normal"><sp/>holeSize);</highlight></codeline>
<codeline lineno="46"><highlight class="normal"></highlight></codeline>
<codeline lineno="50"><highlight class="normal"><sp/><sp/><sp/><sp/><ref refid="classHole_1a90b129019613cc439b9834058f8727b1" kindref="member">Hole</ref>(</highlight><highlight class="keyword">const</highlight><highlight class="normal"><sp/><ref refid="classPose2D" kindref="compound">Pose2D</ref>&amp;<sp/>positionOne,<sp/></highlight><highlight class="keyword">const</highlight><highlight class="normal"><sp/><ref refid="classPose2D" kindref="compound">Pose2D</ref>&amp;<sp/>positionTwo,<sp/></highlight><highlight class="keywordtype">bool</highlight><highlight class="normal"><sp/>foundHole,<sp/></highlight><highlight class="keyword">const</highlight><highlight class="normal"><sp/>std::vector&lt;Pose2D&gt;&amp;<sp/>points,<sp/></highlight><highlight class="keywordtype">double</highlight><highlight class="normal"><sp/>holeSize);</highlight></codeline>
<codeline lineno="51"><highlight class="normal"></highlight></codeline>
<codeline lineno="59"><highlight class="normal"><sp/><sp/><sp/><sp/><ref refid="classHole_1a90b129019613cc439b9834058f8727b1" kindref="member">Hole</ref>(</highlight><highlight class="keywordtype">double</highlight><highlight class="normal"><sp/>x1,<sp/></highlight><highlight class="keywordtype">double</highlight><highlight class="normal"><sp/>y1,<sp/></highlight><highlight class="keywordtype">double</highlight><highlight class="normal"><sp/>x2,<sp/></highlight><highlight class="keywordtype">double</highlight><highlight class="normal"><sp/>y2);</highlight></codeline>
<codeline lineno="60"><highlight class="normal"></highlight></codeline>
<codeline lineno="64"><highlight class="normal"><sp/><sp/><sp/><sp/><ref refid="classHole_1a90b129019613cc439b9834058f8727b1" kindref="member">Hole</ref>(</highlight><highlight class="keyword">const</highlight><highlight class="normal"><sp/><ref refid="classPose2D" kindref="compound">Pose2D</ref>&amp;<sp/>positionOne,<sp/></highlight><highlight class="keyword">const</highlight><highlight class="normal"><sp/><ref refid="classPose2D" kindref="compound">Pose2D</ref>&amp;<sp/>positionTwo,<sp/></highlight><highlight class="keywordtype">double</highlight><highlight class="normal"><sp/>holeSize);</highlight></codeline>
<codeline lineno="65"><highlight class="normal"></highlight></codeline>
<codeline lineno="71"><highlight class="normal"><sp/><sp/><sp/><sp/>std::vector&lt;Pose2D&gt;<sp/><ref refid="classHole_1a519b0f73c960b116403ee937a8fb0a3e" kindref="member">getSuggestedNodePlacements</ref>();</highlight></codeline>
<codeline lineno="72"><highlight class="normal"></highlight></codeline>
<codeline lineno="78"><highlight class="normal"><sp/><sp/><sp/><sp/></highlight><highlight class="keywordtype">void</highlight><highlight class="normal"><sp/><ref refid="classHole_1adc6df39c2118fd21749786927800de4b" kindref="member">registerPointsToHole</ref>(</highlight><highlight class="keyword">const</highlight><highlight class="normal"><sp/><ref refid="classPose2D" kindref="compound">Pose2D</ref>&amp;<sp/>positionOne,<sp/></highlight><highlight class="keyword">const</highlight><highlight class="normal"><sp/><ref refid="classPose2D" kindref="compound">Pose2D</ref>&amp;<sp/>positionTwo);</highlight></codeline>
<codeline lineno="79"><highlight class="normal"></highlight></codeline>
<codeline lineno="86"><highlight class="normal"><sp/><sp/><sp/><sp/></highlight><highlight class="keyword">friend</highlight><highlight class="normal"><sp/>std::ostream<sp/>&amp;<ref refid="classHole_1a371c0f905489a21d9276bb383a572487" kindref="member">operator&lt;&lt;</ref>(std::ostream<sp/>&amp;os,<sp/></highlight><highlight class="keyword">const</highlight><highlight class="normal"><sp/><ref refid="classHole" kindref="compound">Hole</ref><sp/>&amp;hole);</highlight></codeline>
<codeline lineno="87"><highlight class="normal"></highlight></codeline>
<codeline lineno="93"><highlight class="normal"><sp/><sp/><sp/><sp/>[[nodiscard]]<sp/><ref refid="classPose2D" kindref="compound">Pose2D</ref><sp/><ref refid="classHole_1ad224d20fbe2037b97e19344b8f0157e0" kindref="member">copyDoOperation</ref>(</highlight><highlight class="keyword">const</highlight><highlight class="normal"><sp/><ref refid="classPose2D" kindref="compound">Pose2D</ref>&amp;<sp/>position)<sp/></highlight><highlight class="keyword">const</highlight><highlight class="normal">;</highlight></codeline>
<codeline lineno="94"><highlight class="normal"><sp/><sp/><sp/><sp/></highlight></codeline>
<codeline lineno="98"><highlight class="normal"><sp/><sp/><sp/><sp/><ref refid="classPose2D" kindref="compound">Pose2D</ref><sp/><ref refid="classHole_1a1b9d48a850759ae1b826b7476c304785" kindref="member">getOneSquareCorner</ref>();</highlight></codeline>
<codeline lineno="99"><highlight class="normal"></highlight></codeline>
<codeline lineno="103"><highlight class="normal"><sp/><sp/><sp/><sp/><ref refid="classPose2D" kindref="compound">Pose2D</ref><sp/><ref refid="classHole_1ae5ba1de89591495ee62c784c8bcc4b72" kindref="member">getSecondSquareCorner</ref>();</highlight></codeline>
<codeline lineno="104"><highlight class="normal"></highlight></codeline>
<codeline lineno="109"><highlight class="normal"><sp/><sp/><sp/><sp/></highlight><highlight class="keywordtype">bool</highlight><highlight class="normal"><sp/><ref refid="classHole_1afb912f0b7b58f2074fcbbc50184e39c2" kindref="member">pointCouldBeMemberOfHole</ref>(</highlight><highlight class="keyword">const</highlight><highlight class="normal"><sp/><ref refid="classPose2D" kindref="compound">Pose2D</ref>&amp;<sp/>measurment);</highlight></codeline>
<codeline lineno="110"><highlight class="normal"></highlight></codeline>
<codeline lineno="115" refid="classHole_1aec56b428187b4a6f5a952463b4029d00" refkind="member"><highlight class="normal"><sp/><sp/><sp/><sp/></highlight><highlight class="keywordtype">bool</highlight><highlight class="normal"><sp/><ref refid="classHole_1aec56b428187b4a6f5a952463b4029d00" kindref="member">isFoundHole</ref>()</highlight><highlight class="keyword"><sp/>const<sp/></highlight><highlight class="normal">{</highlight><highlight class="keywordflow">return</highlight><highlight class="normal"><sp/>foundHole;}</highlight></codeline>
<codeline lineno="116"><highlight class="normal"></highlight></codeline>
<codeline lineno="121"><highlight class="normal"><sp/><sp/><sp/><sp/>[[nodiscard]]<sp/>std::vector&lt;Hole&gt;<sp/><ref refid="classHole_1a863918993a62cc90b99a66c48e9e0bdc" kindref="member">getSubHolesCopy</ref>()<sp/></highlight><highlight class="keyword">const</highlight><highlight class="normal">;</highlight></codeline>
<codeline lineno="122"><highlight class="normal"></highlight></codeline>
<codeline lineno="126"><highlight class="normal"><sp/><sp/><sp/><sp/><ref refid="classHole_1a90b129019613cc439b9834058f8727b1" kindref="member">Hole</ref>();</highlight></codeline>
<codeline lineno="127"><highlight class="normal"></highlight></codeline>
<codeline lineno="131"><highlight class="normal"><sp/><sp/><sp/><sp/><ref refid="classHole_1a90b129019613cc439b9834058f8727b1" kindref="member">Hole</ref>(</highlight><highlight class="keyword">const</highlight><highlight class="normal"><sp/><ref refid="classHole" kindref="compound">Hole</ref>&amp;<sp/>hole);</highlight></codeline>
<codeline lineno="132"><highlight class="normal"></highlight></codeline>
<codeline lineno="137"><highlight class="normal"><sp/><sp/><sp/><sp/></highlight><highlight class="keyword">explicit</highlight><highlight class="normal"><sp/><ref refid="classHole_1a90b129019613cc439b9834058f8727b1" kindref="member">Hole</ref>(</highlight><highlight class="keyword">const</highlight><highlight class="normal"><sp/><ref refid="classPose2D" kindref="compound">Pose2D</ref>&amp;<sp/>initialPoint,<sp/></highlight><highlight class="keywordtype">double</highlight><highlight class="normal"><sp/>holeSize);</highlight></codeline>
<codeline lineno="138"><highlight class="normal"></highlight></codeline>
<codeline lineno="144"><highlight class="normal"><sp/><sp/><sp/><sp/></highlight><highlight class="keywordtype">void</highlight><highlight class="normal"><sp/><ref refid="classHole_1a39673dc613c45644ff844c7b81709ab9" kindref="member">addPoint</ref>(</highlight><highlight class="keyword">const</highlight><highlight class="normal"><sp/><ref refid="classPose2D" kindref="compound">Pose2D</ref>&amp;<sp/>position);</highlight></codeline>
<codeline lineno="145"><highlight class="normal"></highlight></codeline>
<codeline lineno="151"><highlight class="normal"><sp/><sp/><sp/><sp/></highlight><highlight class="keywordtype">bool</highlight><highlight class="normal"><sp/><ref refid="classHole_1afd4c5c949e5c37e58ff10927e475fcdf" kindref="member">isInSquare</ref>(<ref refid="classPose2D" kindref="compound">Pose2D</ref>&amp;<sp/>position)<sp/></highlight><highlight class="keyword">const</highlight><highlight class="normal">;</highlight></codeline>
<codeline lineno="152"><highlight class="normal"></highlight></codeline>
<codeline lineno="157"><highlight class="normal"><sp/><sp/><sp/><sp/></highlight><highlight class="keywordtype">void</highlight><highlight class="normal"><sp/><ref refid="classHole_1a73735b03496aad26f53879b2c50fcc71" kindref="member">offset</ref>(</highlight><highlight class="keyword">const</highlight><highlight class="normal"><sp/><ref refid="classPose2D" kindref="compound">Pose2D</ref>&amp;<sp/><ref refid="classHole_1a73735b03496aad26f53879b2c50fcc71" kindref="member">offset</ref>);</highlight></codeline>
<codeline lineno="158"><highlight class="normal"></highlight></codeline>
<codeline lineno="164"><highlight class="normal"><sp/><sp/><sp/><sp/><sp/></highlight><highlight class="keywordtype">bool</highlight><highlight class="normal"><sp/><ref refid="classHole_1ae7c69bf5e1d37a1230b50187e7442506" kindref="member">lineIntersectsHole</ref>(</highlight><highlight class="keyword">const</highlight><highlight class="normal"><sp/><ref refid="classPose2D" kindref="compound">Pose2D</ref>&amp;<sp/>posOne,<sp/></highlight><highlight class="keyword">const</highlight><highlight class="normal"><sp/><ref refid="classPose2D" kindref="compound">Pose2D</ref>&amp;<sp/>posTwo)<sp/></highlight><highlight class="keyword">const</highlight><highlight class="normal">;</highlight></codeline>
<codeline lineno="165"><highlight class="normal">};</highlight></codeline>
<codeline lineno="166"><highlight class="normal"></highlight></codeline>
<codeline lineno="167"><highlight class="normal"></highlight><highlight class="preprocessor">#endif<sp/></highlight><highlight class="comment">//<sp/>HOLE_H</highlight><highlight class="normal"></highlight></codeline>
    </programlisting>
    <location file="/home/calebk/Documents/coding/RoombaController/src/Hole.hpp"/>
  </compounddef>
</doxygen>
