<?xml version='1.0' encoding='UTF-8' standalone='no'?>
<doxygen xmlns:xsi="http://www.w3.org/2001/XMLSchema-instance" xsi:noNamespaceSchemaLocation="compound.xsd" version="1.10.0" xml:lang="en-US">
  <compounddef id="Node_8hpp" kind="file" language="C++">
    <compoundname>Node.hpp</compoundname>
    <includes refid="Pose2D_8hpp" local="yes">Pose2D.hpp</includes>
    <includes refid="Node_8cpp" local="yes">Node.cpp</includes>
    <includedby refid="Graph_8hpp" local="yes">/home/calebk/Documents/coding/RoombaController/src/Graph.hpp</includedby>
    <includedby refid="Node_8cpp" local="yes">/home/calebk/Documents/coding/RoombaController/src/Node.cpp</includedby>
    <includedby refid="main_8cpp" local="yes">/home/calebk/Documents/coding/RoombaController/src/main.cpp</includedby>
    <incdepgraph>
      <node id="7">
        <label>Node.cpp</label>
        <link refid="Node_8cpp"/>
        <childnode refid="1" relation="include">
        </childnode>
      </node>
      <node id="1">
        <label>/home/calebk/Documents/coding/RoombaController/src/Node.hpp</label>
        <link refid="Node_8hpp"/>
        <childnode refid="2" relation="include">
        </childnode>
        <childnode refid="7" relation="include">
        </childnode>
      </node>
      <node id="2">
        <label>Pose2D.hpp</label>
        <link refid="Pose2D_8hpp"/>
        <childnode refid="3" relation="include">
        </childnode>
        <childnode refid="4" relation="include">
        </childnode>
        <childnode refid="5" relation="include">
        </childnode>
        <childnode refid="6" relation="include">
        </childnode>
      </node>
      <node id="3">
        <label>cmath</label>
      </node>
      <node id="4">
        <label>cstdint</label>
      </node>
      <node id="6">
        <label>ostream</label>
      </node>
      <node id="5">
        <label>sstream</label>
      </node>
    </incdepgraph>
    <invincdepgraph>
      <node id="4">
        <label>/home/calebk/Documents/coding/RoombaController/src/Field.cpp</label>
        <link refid="Field_8cpp"/>
      </node>
      <node id="3">
        <label>/home/calebk/Documents/coding/RoombaController/src/Field.hpp</label>
        <link refid="Field_8hpp"/>
        <childnode refid="4" relation="include">
        </childnode>
        <childnode refid="5" relation="include">
        </childnode>
        <childnode refid="6" relation="include">
        </childnode>
      </node>
      <node id="7">
        <label>/home/calebk/Documents/coding/RoombaController/src/Graph.cpp</label>
        <link refid="Graph_8cpp"/>
      </node>
      <node id="2">
        <label>/home/calebk/Documents/coding/RoombaController/src/Graph.hpp</label>
        <link refid="Graph_8hpp"/>
        <childnode refid="3" relation="include">
        </childnode>
        <childnode refid="7" relation="include">
        </childnode>
      </node>
      <node id="5">
        <label>/home/calebk/Documents/coding/RoombaController/src/HoleManager.cpp</label>
        <link refid="HoleManager_8cpp"/>
      </node>
      <node id="8">
        <label>/home/calebk/Documents/coding/RoombaController/src/Node.cpp</label>
        <link refid="Node_8cpp"/>
        <childnode refid="1" relation="include">
        </childnode>
      </node>
      <node id="1">
        <label>/home/calebk/Documents/coding/RoombaController/src/Node.hpp</label>
        <link refid="Node_8hpp"/>
        <childnode refid="2" relation="include">
        </childnode>
        <childnode refid="8" relation="include">
        </childnode>
        <childnode refid="6" relation="include">
        </childnode>
      </node>
      <node id="6">
        <label>/home/calebk/Documents/coding/RoombaController/src/main.cpp</label>
        <link refid="main_8cpp"/>
      </node>
    </invincdepgraph>
    <innerclass refid="classNode" prot="public">Node</innerclass>
    <briefdescription>
    </briefdescription>
    <detaileddescription>
    </detaileddescription>
    <programlisting>
<codeline lineno="1"><highlight class="comment">//</highlight><highlight class="normal"></highlight></codeline>
<codeline lineno="2"><highlight class="normal"></highlight><highlight class="comment">//<sp/>Created<sp/>by<sp/>caleb<sp/>on<sp/>11/9/21.</highlight><highlight class="normal"></highlight></codeline>
<codeline lineno="3"><highlight class="normal"></highlight><highlight class="comment">//</highlight><highlight class="normal"></highlight></codeline>
<codeline lineno="4"><highlight class="normal"></highlight></codeline>
<codeline lineno="5"><highlight class="normal"></highlight><highlight class="preprocessor">#ifndef<sp/>ANOTHERGRAPH_NODE_H</highlight><highlight class="normal"></highlight></codeline>
<codeline lineno="6"><highlight class="normal"></highlight><highlight class="preprocessor">#define<sp/>ANOTHERGRAPH_NODE_H</highlight><highlight class="normal"></highlight></codeline>
<codeline lineno="7"><highlight class="normal"></highlight></codeline>
<codeline lineno="8"><highlight class="normal"></highlight></codeline>
<codeline lineno="9"><highlight class="normal"></highlight><highlight class="preprocessor">#include<sp/>&quot;<ref refid="Pose2D_8hpp" kindref="compound">Pose2D.hpp</ref>&quot;</highlight><highlight class="normal"></highlight></codeline>
<codeline lineno="10"><highlight class="normal"></highlight></codeline>
<codeline lineno="16"><highlight class="normal"></highlight><highlight class="keyword">template</highlight><highlight class="normal"><sp/>&lt;</highlight><highlight class="keyword">typename</highlight><highlight class="normal"><sp/>V&gt;</highlight></codeline>
<codeline lineno="17" refid="classNode" refkind="compound"><highlight class="normal"></highlight><highlight class="keyword">class<sp/></highlight><highlight class="normal"><ref refid="classNode" kindref="compound">Node</ref><sp/>{</highlight></codeline>
<codeline lineno="18"><highlight class="normal"><sp/><sp/><sp/><sp/></highlight><highlight class="keyword">private</highlight><highlight class="normal">:</highlight></codeline>
<codeline lineno="22"><highlight class="normal"><sp/><sp/><sp/><sp/>V<sp/>data;</highlight></codeline>
<codeline lineno="23"><highlight class="normal"></highlight></codeline>
<codeline lineno="24"><highlight class="normal"><sp/><sp/><sp/><sp/></highlight><highlight class="keyword">public</highlight><highlight class="normal">:</highlight></codeline>
<codeline lineno="29"><highlight class="normal"><sp/><sp/><sp/><sp/><ref refid="classNode_1ab4dbea374a06a1f9ac1e85b8ded1d983" kindref="member">Node</ref>(V<sp/>data);</highlight></codeline>
<codeline lineno="30"><highlight class="normal"></highlight></codeline>
<codeline lineno="34"><highlight class="normal"><sp/><sp/><sp/><sp/>V<sp/><ref refid="classNode_1a81895d8b8dfffcc5d220b2d816e7063c" kindref="member">getData</ref>();</highlight></codeline>
<codeline lineno="35"><highlight class="normal"></highlight></codeline>
<codeline lineno="40"><highlight class="normal"><sp/><sp/><sp/><sp/></highlight><highlight class="keywordtype">void</highlight><highlight class="normal"><sp/><ref refid="classNode_1ab849a0519ed381feaf341d91e3d87b1f" kindref="member">SetData</ref>(V<sp/>newData);</highlight></codeline>
<codeline lineno="41"><highlight class="normal">};</highlight></codeline>
<codeline lineno="42"><highlight class="normal"></highlight></codeline>
<codeline lineno="43"><highlight class="normal"></highlight><highlight class="preprocessor">#include<sp/>&quot;<ref refid="Node_8cpp" kindref="compound">Node.cpp</ref>&quot;</highlight><highlight class="normal"></highlight></codeline>
<codeline lineno="44"><highlight class="normal"></highlight></codeline>
<codeline lineno="45"><highlight class="normal"></highlight><highlight class="preprocessor">#endif<sp/></highlight><highlight class="comment">//ANOTHERGRAPH_NODE_H</highlight><highlight class="normal"></highlight></codeline>
    </programlisting>
    <location file="/home/calebk/Documents/coding/RoombaController/src/Node.hpp"/>
  </compounddef>
</doxygen>
