<?xml version='1.0' encoding='UTF-8' standalone='no'?>
<doxygen xmlns:xsi="http://www.w3.org/2001/XMLSchema-instance" xsi:noNamespaceSchemaLocation="compound.xsd" version="1.10.0" xml:lang="en-US">
  <compounddef id="Pillar_8cpp" kind="file" language="C++">
    <compoundname>Pillar.cpp</compoundname>
    <includes refid="Pillar_8hpp" local="yes">Pillar.hpp</includes>
    <incdepgraph>
      <node id="1">
        <label>/home/calebk/Documents/coding/RoombaController/src/Pillar.cpp</label>
        <link refid="Pillar_8cpp"/>
        <childnode refid="2" relation="include">
        </childnode>
      </node>
      <node id="2">
        <label>Pillar.hpp</label>
        <link refid="Pillar_8hpp"/>
        <childnode refid="3" relation="include">
        </childnode>
      </node>
      <node id="3">
        <label>Pose2D.hpp</label>
        <link refid="Pose2D_8hpp"/>
        <childnode refid="4" relation="include">
        </childnode>
        <childnode refid="5" relation="include">
        </childnode>
        <childnode refid="6" relation="include">
        </childnode>
        <childnode refid="7" relation="include">
        </childnode>
      </node>
      <node id="4">
        <label>cmath</label>
      </node>
      <node id="5">
        <label>cstdint</label>
      </node>
      <node id="7">
        <label>ostream</label>
      </node>
      <node id="6">
        <label>sstream</label>
      </node>
    </incdepgraph>
    <briefdescription>
    </briefdescription>
    <detaileddescription>
    </detaileddescription>
    <programlisting>
<codeline lineno="1"><highlight class="comment">//<sp/></highlight><highlight class="normal"></highlight></codeline>
<codeline lineno="2"><highlight class="normal"></highlight><highlight class="comment">//<sp/>Created<sp/>By<sp/>Caleb<sp/>on<sp/>10/24/2024</highlight><highlight class="normal"></highlight></codeline>
<codeline lineno="3"><highlight class="normal"></highlight><highlight class="comment">//</highlight><highlight class="normal"></highlight></codeline>
<codeline lineno="4"><highlight class="normal"></highlight></codeline>
<codeline lineno="5"><highlight class="normal"></highlight><highlight class="preprocessor">#include<sp/>&quot;<ref refid="Pillar_8hpp" kindref="compound">Pillar.hpp</ref>&quot;</highlight><highlight class="normal"></highlight></codeline>
<codeline lineno="6"><highlight class="normal"></highlight></codeline>
<codeline lineno="7" refid="classPillar_1aa8dc2bded98a242ff4957c2604e33ec2" refkind="member"><highlight class="normal"><ref refid="classPillar_1aa8dc2bded98a242ff4957c2604e33ec2" kindref="member">Pillar::Pillar</ref>()<sp/>{</highlight></codeline>
<codeline lineno="8"><highlight class="normal"><sp/><sp/><sp/>this-&gt;<ref refid="classPillar_1a74fea03287d330085c4a60f8ba3cc6d3" kindref="member">position</ref><sp/>=<sp/><ref refid="classPose2D" kindref="compound">Pose2D</ref>(0,<sp/>0,<sp/>0);</highlight></codeline>
<codeline lineno="9"><highlight class="normal"><sp/><sp/><sp/><sp/>this-&gt;<ref refid="classPillar_1a39d7d2ab79fc9a515e0c1d1f490947fc" kindref="member">radius</ref><sp/>=<sp/>0;</highlight></codeline>
<codeline lineno="10"><highlight class="normal">}</highlight></codeline>
<codeline lineno="11"><highlight class="normal"></highlight></codeline>
<codeline lineno="12" refid="classPillar_1a9c9992655592342b529b765c6de0e462" refkind="member"><highlight class="normal"><ref refid="classPillar_1aa8dc2bded98a242ff4957c2604e33ec2" kindref="member">Pillar::Pillar</ref>(</highlight><highlight class="keyword">const</highlight><highlight class="normal"><sp/></highlight><highlight class="keywordtype">double</highlight><highlight class="normal"><sp/>x,<sp/></highlight><highlight class="keyword">const</highlight><highlight class="normal"><sp/></highlight><highlight class="keywordtype">double</highlight><highlight class="normal"><sp/>y,<sp/></highlight><highlight class="keyword">const</highlight><highlight class="normal"><sp/></highlight><highlight class="keywordtype">double</highlight><highlight class="normal"><sp/>heading,<sp/></highlight><highlight class="keyword">const</highlight><highlight class="normal"><sp/></highlight><highlight class="keywordtype">double</highlight><highlight class="normal"><sp/>radius)<sp/>{</highlight></codeline>
<codeline lineno="13"><highlight class="normal"><sp/><sp/><sp/><sp/>this-&gt;radius<sp/>=<sp/><ref refid="classPillar_1a39d7d2ab79fc9a515e0c1d1f490947fc" kindref="member">radius</ref>;</highlight></codeline>
<codeline lineno="14"><highlight class="normal"><sp/><sp/><sp/><sp/><ref refid="classPose2D" kindref="compound">Pose2D</ref><sp/>pose(x,<sp/>y,<sp/>heading);</highlight></codeline>
<codeline lineno="15"><highlight class="normal"><sp/><sp/><sp/><sp/>this-&gt;<ref refid="classPillar_1a74fea03287d330085c4a60f8ba3cc6d3" kindref="member">position</ref><sp/>=<sp/>pose;</highlight></codeline>
<codeline lineno="16"><highlight class="normal">}</highlight></codeline>
<codeline lineno="17"><highlight class="normal"></highlight></codeline>
<codeline lineno="18" refid="classPillar_1aa3c5156fb822cf9ca4014ca8e3510fd4" refkind="member"><highlight class="normal"><ref refid="classPillar_1aa8dc2bded98a242ff4957c2604e33ec2" kindref="member">Pillar::Pillar</ref>(</highlight><highlight class="keyword">const</highlight><highlight class="normal"><sp/><ref refid="classPose2D" kindref="compound">Pose2D</ref>&amp;<sp/>position,<sp/></highlight><highlight class="keyword">const</highlight><highlight class="normal"><sp/></highlight><highlight class="keywordtype">double</highlight><highlight class="normal"><sp/>radius)<sp/>{</highlight></codeline>
<codeline lineno="19"><highlight class="normal"><sp/><sp/><sp/><sp/>this-&gt;position<sp/>=<sp/><ref refid="classPillar_1a74fea03287d330085c4a60f8ba3cc6d3" kindref="member">position</ref>;</highlight></codeline>
<codeline lineno="20"><highlight class="normal"><sp/><sp/><sp/><sp/>this-&gt;radius<sp/>=<sp/><ref refid="classPillar_1a39d7d2ab79fc9a515e0c1d1f490947fc" kindref="member">radius</ref>;</highlight></codeline>
<codeline lineno="21"><highlight class="normal">}</highlight></codeline>
<codeline lineno="22"><highlight class="normal"></highlight></codeline>
<codeline lineno="23" refid="classPillar_1ad994a5ff8afddb6ac0d52d573b8f31bd" refkind="member"><highlight class="normal"><ref refid="classPillar_1aa8dc2bded98a242ff4957c2604e33ec2" kindref="member">Pillar::Pillar</ref>(</highlight><highlight class="keyword">const</highlight><highlight class="normal"><sp/></highlight><highlight class="keywordtype">double</highlight><highlight class="normal"><sp/>x,<sp/></highlight><highlight class="keyword">const</highlight><highlight class="normal"><sp/></highlight><highlight class="keywordtype">double</highlight><highlight class="normal"><sp/>y,<sp/></highlight><highlight class="keyword">const</highlight><highlight class="normal"><sp/></highlight><highlight class="keywordtype">double</highlight><highlight class="normal"><sp/>radius)<sp/>{</highlight></codeline>
<codeline lineno="24"><highlight class="normal"><sp/><sp/><sp/><sp/><ref refid="classPose2D" kindref="compound">Pose2D</ref><sp/>pose(x,<sp/>y);</highlight></codeline>
<codeline lineno="25"><highlight class="normal"><sp/><sp/><sp/><sp/>this-&gt;<ref refid="classPillar_1a74fea03287d330085c4a60f8ba3cc6d3" kindref="member">position</ref><sp/>=<sp/>pose;</highlight></codeline>
<codeline lineno="26"><highlight class="normal"><sp/><sp/>this-&gt;radius<sp/>=<sp/><ref refid="classPillar_1a39d7d2ab79fc9a515e0c1d1f490947fc" kindref="member">radius</ref>;</highlight></codeline>
<codeline lineno="27"><highlight class="normal">}</highlight></codeline>
<codeline lineno="28"><highlight class="normal"></highlight></codeline>
<codeline lineno="29" refid="classPillar_1a6643c4f436b8264606fd1ef9adfafc75" refkind="member"><highlight class="normal"><ref refid="classPose2D" kindref="compound">Pose2D</ref>&amp;<sp/><ref refid="classPillar_1a6643c4f436b8264606fd1ef9adfafc75" kindref="member">Pillar::getPose</ref>()<sp/>{</highlight></codeline>
<codeline lineno="30"><highlight class="normal"><sp/><sp/></highlight><highlight class="keywordflow">return</highlight><highlight class="normal"><sp/>this-&gt;<ref refid="classPillar_1a74fea03287d330085c4a60f8ba3cc6d3" kindref="member">position</ref>;</highlight></codeline>
<codeline lineno="31"><highlight class="normal">}</highlight></codeline>
<codeline lineno="32"><highlight class="normal"></highlight></codeline>
<codeline lineno="33" refid="classPillar_1adc8c902c96a36b5e8e6642e2b462e927" refkind="member"><highlight class="normal"></highlight><highlight class="keywordtype">double</highlight><highlight class="normal"><sp/><ref refid="classPillar_1adc8c902c96a36b5e8e6642e2b462e927" kindref="member">Pillar::getX</ref>()<sp/>{</highlight></codeline>
<codeline lineno="34"><highlight class="normal"><sp/><sp/><sp/><sp/></highlight><highlight class="keywordflow">return</highlight><highlight class="normal"><sp/>this-&gt;<ref refid="classPillar_1a74fea03287d330085c4a60f8ba3cc6d3" kindref="member">position</ref>.<ref refid="classPose2D_1ad3453560b394884b5b94de1264b946fa" kindref="member">getX</ref>();</highlight></codeline>
<codeline lineno="35"><highlight class="normal">}</highlight></codeline>
<codeline lineno="36"><highlight class="normal"></highlight></codeline>
<codeline lineno="37" refid="classPillar_1a6a39e5dac33d94196391caeeb379c48a" refkind="member"><highlight class="normal"></highlight><highlight class="keywordtype">double</highlight><highlight class="normal"><sp/><ref refid="classPillar_1a6a39e5dac33d94196391caeeb379c48a" kindref="member">Pillar::getY</ref>()<sp/>{</highlight></codeline>
<codeline lineno="38"><highlight class="normal"><sp/><sp/><sp/><sp/></highlight><highlight class="keywordflow">return</highlight><highlight class="normal"><sp/>this-&gt;<ref refid="classPillar_1a74fea03287d330085c4a60f8ba3cc6d3" kindref="member">position</ref>.<ref refid="classPose2D_1acfc52591b36947d8ead57ada1c12e5c2" kindref="member">getY</ref>();</highlight></codeline>
<codeline lineno="39"><highlight class="normal">}</highlight></codeline>
<codeline lineno="40"><highlight class="normal"></highlight></codeline>
<codeline lineno="41" refid="classPillar_1a404e92b3ee6005fcd400ae120ce0b560" refkind="member"><highlight class="normal"></highlight><highlight class="keywordtype">double</highlight><highlight class="normal"><sp/><ref refid="classPillar_1a404e92b3ee6005fcd400ae120ce0b560" kindref="member">Pillar::getRadius</ref>()</highlight><highlight class="keyword"><sp/>const<sp/></highlight><highlight class="normal">{</highlight></codeline>
<codeline lineno="42"><highlight class="normal"><sp/><sp/><sp/><sp/></highlight><highlight class="keywordflow">return</highlight><highlight class="normal"><sp/>this-&gt;<ref refid="classPillar_1a39d7d2ab79fc9a515e0c1d1f490947fc" kindref="member">radius</ref>;</highlight></codeline>
<codeline lineno="43"><highlight class="normal">}</highlight></codeline>
<codeline lineno="44"><highlight class="normal"></highlight></codeline>
<codeline lineno="45" refid="classPillar_1acde6b927c883e0a5720e20d6b7f04ede" refkind="member"><highlight class="normal"></highlight><highlight class="keywordtype">void</highlight><highlight class="normal"><sp/><ref refid="classPillar_1acde6b927c883e0a5720e20d6b7f04ede" kindref="member">Pillar::setRadius</ref>(</highlight><highlight class="keywordtype">double</highlight><highlight class="normal"><sp/>newRadius)<sp/>{</highlight></codeline>
<codeline lineno="46"><highlight class="normal"><sp/><sp/><sp/><sp/>this-&gt;<ref refid="classPillar_1a39d7d2ab79fc9a515e0c1d1f490947fc" kindref="member">radius</ref><sp/>=<sp/>newRadius;</highlight></codeline>
<codeline lineno="47"><highlight class="normal">}</highlight></codeline>
<codeline lineno="48"><highlight class="normal"></highlight></codeline>
<codeline lineno="49"><highlight class="normal"></highlight></codeline>
<codeline lineno="50" refid="classPillar_1a01e5ad8ad29b0637edc291aaff93785e" refkind="member"><highlight class="normal"><ref refid="classPillar" kindref="compound">Pillar</ref><sp/><ref refid="classPillar_1a01e5ad8ad29b0637edc291aaff93785e" kindref="member">Pillar::parseFromStream</ref>(std::istringstream&amp;<sp/>stream)<sp/>{</highlight></codeline>
<codeline lineno="51"><highlight class="normal"><sp/><sp/><sp/><sp/></highlight><highlight class="keywordtype">double</highlight><highlight class="normal"><sp/>x,<sp/>y,<sp/>heading,<sp/><ref refid="classPillar_1a39d7d2ab79fc9a515e0c1d1f490947fc" kindref="member">radius</ref>;</highlight></codeline>
<codeline lineno="52"><highlight class="normal"><sp/><sp/><sp/><sp/></highlight><highlight class="keywordflow">if</highlight><highlight class="normal"><sp/>(stream<sp/>&gt;&gt;<sp/>x<sp/>&gt;&gt;<sp/>y<sp/>&gt;&gt;<sp/>heading<sp/>&gt;&gt;<sp/><ref refid="classPillar_1a39d7d2ab79fc9a515e0c1d1f490947fc" kindref="member">radius</ref>)<sp/>{</highlight></codeline>
<codeline lineno="53"><highlight class="normal"><sp/><sp/><sp/><sp/><sp/><sp/><sp/><sp/></highlight><highlight class="keywordflow">return</highlight><highlight class="normal"><sp/><ref refid="classPillar_1aa8dc2bded98a242ff4957c2604e33ec2" kindref="member">Pillar</ref>(x,<sp/>y,<sp/>heading,<sp/><ref refid="classPillar_1a39d7d2ab79fc9a515e0c1d1f490947fc" kindref="member">radius</ref>);</highlight></codeline>
<codeline lineno="54"><highlight class="normal"><sp/><sp/><sp/><sp/>}</highlight></codeline>
<codeline lineno="55"><highlight class="normal"><sp/><sp/><sp/><sp/></highlight><highlight class="keywordflow">return</highlight><highlight class="normal"><sp/><ref refid="classPillar_1aa8dc2bded98a242ff4957c2604e33ec2" kindref="member">Pillar</ref>(0,<sp/>0,<sp/>0);</highlight></codeline>
<codeline lineno="56"><highlight class="normal">}</highlight></codeline>
<codeline lineno="57"><highlight class="normal"></highlight></codeline>
<codeline lineno="58" refid="classPillar_1a9877735341d7110c3d34633867528dbb" refkind="member"><highlight class="normal"></highlight><highlight class="keywordtype">void</highlight><highlight class="normal"><sp/><ref refid="classPillar_1a9877735341d7110c3d34633867528dbb" kindref="member">Pillar::setPosition</ref>(</highlight><highlight class="keyword">const</highlight><highlight class="normal"><sp/><ref refid="classPose2D" kindref="compound">Pose2D</ref>&amp;<sp/>newPosition)<sp/>{</highlight></codeline>
<codeline lineno="59"><highlight class="normal"><sp/><sp/><sp/><sp/>this-&gt;<ref refid="classPillar_1a74fea03287d330085c4a60f8ba3cc6d3" kindref="member">position</ref><sp/>=<sp/>newPosition;</highlight></codeline>
<codeline lineno="60"><highlight class="normal">}</highlight></codeline>
<codeline lineno="61"><highlight class="normal"></highlight></codeline>
    </programlisting>
    <location file="/home/calebk/Documents/coding/RoombaController/src/Pillar.cpp"/>
  </compounddef>
</doxygen>
