<?xml version='1.0' encoding='UTF-8' standalone='no'?>
<doxygen xmlns:xsi="http://www.w3.org/2001/XMLSchema-instance" xsi:noNamespaceSchemaLocation="compound.xsd" version="1.10.0" xml:lang="en-US">
  <compounddef id="Pose2D_8cpp" kind="file" language="C++">
    <compoundname>Pose2D.cpp</compoundname>
    <includes refid="Pose2D_8hpp" local="yes">Pose2D.hpp</includes>
    <incdepgraph>
      <node id="1">
        <label>/home/calebk/Documents/coding/RoombaController/src/Pose2D.cpp</label>
        <link refid="Pose2D_8cpp"/>
        <childnode refid="2" relation="include">
        </childnode>
      </node>
      <node id="2">
        <label>Pose2D.hpp</label>
        <link refid="Pose2D_8hpp"/>
        <childnode refid="3" relation="include">
        </childnode>
        <childnode refid="4" relation="include">
        </childnode>
        <childnode refid="5" relation="include">
        </childnode>
        <childnode refid="6" relation="include">
        </childnode>
      </node>
      <node id="3">
        <label>cmath</label>
      </node>
      <node id="4">
        <label>cstdint</label>
      </node>
      <node id="6">
        <label>ostream</label>
      </node>
      <node id="5">
        <label>sstream</label>
      </node>
    </incdepgraph>
    <sectiondef kind="func">
      <memberdef kind="function" id="Pose2D_8cpp_1a8ee5dca0a6268342b242172f7222756f" prot="public" static="no" const="no" explicit="no" inline="no" virt="non-virtual">
        <type>std::ostream &amp;</type>
        <definition>std::ostream &amp; operator&lt;&lt;</definition>
        <argsstring>(std::ostream &amp;os, const Pose2D &amp;d)</argsstring>
        <name>operator&lt;&lt;</name>
        <param>
          <type>std::ostream &amp;</type>
          <declname>os</declname>
        </param>
        <param>
          <type>const <ref refid="classPose2D" kindref="compound">Pose2D</ref> &amp;</type>
          <declname>d</declname>
        </param>
        <briefdescription>
        </briefdescription>
        <detaileddescription>
<para>To string for a pose2D <parameterlist kind="param"><parameteritem>
<parameternamelist>
<parametername>os</parametername>
</parameternamelist>
<parameterdescription>
<para>output stream </para>
</parameterdescription>
</parameteritem>
<parameteritem>
<parameternamelist>
<parametername>d</parametername>
</parameternamelist>
<parameterdescription>
<para>the pose2D to reference </para>
</parameterdescription>
</parameteritem>
</parameterlist>
<simplesect kind="return"><para></para>
</simplesect>
</para>
        </detaileddescription>
        <inbodydescription>
        </inbodydescription>
        <location file="/home/calebk/Documents/coding/RoombaController/src/Pose2D.cpp" line="230" column="1" bodyfile="/home/calebk/Documents/coding/RoombaController/src/Pose2D.cpp" bodystart="230" bodyend="233"/>
      </memberdef>
      <memberdef kind="function" id="Pose2D_8cpp_1af747b1235ddc04741dd30bf4c6a35d3c" prot="public" static="no" const="no" explicit="no" inline="no" virt="non-virtual">
        <type><ref refid="structRectangle" kindref="compound">Rectangle</ref></type>
        <definition>Rectangle makeRectangleFromLine</definition>
        <argsstring>(const Pose2D &amp;L1, const Pose2D &amp;L2, double width)</argsstring>
        <name>makeRectangleFromLine</name>
        <param>
          <type>const <ref refid="classPose2D" kindref="compound">Pose2D</ref> &amp;</type>
          <declname>L1</declname>
        </param>
        <param>
          <type>const <ref refid="classPose2D" kindref="compound">Pose2D</ref> &amp;</type>
          <declname>L2</declname>
        </param>
        <param>
          <type>double</type>
          <declname>width</declname>
        </param>
        <briefdescription>
        </briefdescription>
        <detaileddescription>
<para>Makes a rectangle from a line <parameterlist kind="param"><parameteritem>
<parameternamelist>
<parametername>L1</parametername>
</parameternamelist>
<parameterdescription>
<para>One bound of the line </para>
</parameterdescription>
</parameteritem>
<parameteritem>
<parameternamelist>
<parametername>L2</parametername>
</parameternamelist>
<parameterdescription>
<para>Another bound of the line </para>
</parameterdescription>
</parameteritem>
<parameteritem>
<parameternamelist>
<parametername>width</parametername>
</parameternamelist>
<parameterdescription>
<para>the width of the rectangle </para>
</parameterdescription>
</parameteritem>
</parameterlist>
<simplesect kind="return"><para>a rectangle with the the line in the middle and a width of the width passed in </para>
</simplesect>
</para>
        </detaileddescription>
        <inbodydescription>
        </inbodydescription>
        <location file="/home/calebk/Documents/coding/RoombaController/src/Pose2D.cpp" line="248" column="11" bodyfile="/home/calebk/Documents/coding/RoombaController/src/Pose2D.cpp" bodystart="248" bodyend="265"/>
      </memberdef>
    </sectiondef>
    <briefdescription>
    </briefdescription>
    <detaileddescription>
    </detaileddescription>
    <programlisting>
<codeline lineno="1"><highlight class="comment">//</highlight><highlight class="normal"></highlight></codeline>
<codeline lineno="2"><highlight class="normal"></highlight><highlight class="comment">//<sp/>Created<sp/>by<sp/>caleb<sp/>on<sp/>10/24/2024</highlight><highlight class="normal"></highlight></codeline>
<codeline lineno="3"><highlight class="normal"></highlight><highlight class="comment">//</highlight><highlight class="normal"></highlight></codeline>
<codeline lineno="4"><highlight class="normal"></highlight></codeline>
<codeline lineno="5"><highlight class="normal"></highlight><highlight class="preprocessor">#include<sp/>&quot;<ref refid="Pose2D_8hpp" kindref="compound">Pose2D.hpp</ref>&quot;</highlight><highlight class="normal"></highlight></codeline>
<codeline lineno="6"><highlight class="normal"></highlight></codeline>
<codeline lineno="7" refid="classPose2D_1a6d70b4f0e17c1f80690c1a4a832238bd" refkind="member"><highlight class="normal"><ref refid="classPose2D_1a216182882a02017665c754b16c1328ae" kindref="member">Pose2D::Pose2D</ref>(</highlight><highlight class="keywordtype">double</highlight><highlight class="normal"><sp/>x,<sp/></highlight><highlight class="keywordtype">double</highlight><highlight class="normal"><sp/>y,<sp/></highlight><highlight class="keywordtype">double</highlight><highlight class="normal"><sp/>heading)<sp/>{</highlight></codeline>
<codeline lineno="8"><highlight class="normal"><sp/><sp/>this-&gt;x<sp/>=<sp/><ref refid="classPose2D_1a4ea2a4d5ced468e718373ffe07732f60" kindref="member">x</ref>;</highlight></codeline>
<codeline lineno="9"><highlight class="normal"><sp/><sp/>this-&gt;y<sp/>=<sp/><ref refid="classPose2D_1a79a6b7de45208d23daa4ec11913a547f" kindref="member">y</ref>;</highlight></codeline>
<codeline lineno="10"><highlight class="normal"><sp/><sp/>this-&gt;heading<sp/>=<sp/><ref refid="classPose2D_1a3d04db1eca820a577c911ca88df12b7d" kindref="member">heading</ref>;</highlight></codeline>
<codeline lineno="11"><highlight class="normal">}</highlight></codeline>
<codeline lineno="12"><highlight class="normal"></highlight></codeline>
<codeline lineno="13" refid="classPose2D_1ad31191da38f3f5e9a4a0e77577389977" refkind="member"><highlight class="normal"><ref refid="classPose2D_1a216182882a02017665c754b16c1328ae" kindref="member">Pose2D::Pose2D</ref>(</highlight><highlight class="keywordtype">double</highlight><highlight class="normal"><sp/>x,<sp/></highlight><highlight class="keywordtype">double</highlight><highlight class="normal"><sp/>y)<sp/>{</highlight></codeline>
<codeline lineno="14"><highlight class="normal"><sp/><sp/>this-&gt;x<sp/>=<sp/><ref refid="classPose2D_1a4ea2a4d5ced468e718373ffe07732f60" kindref="member">x</ref>;</highlight></codeline>
<codeline lineno="15"><highlight class="normal"><sp/><sp/>this-&gt;y<sp/>=<sp/><ref refid="classPose2D_1a79a6b7de45208d23daa4ec11913a547f" kindref="member">y</ref>;</highlight></codeline>
<codeline lineno="16"><highlight class="normal">}</highlight></codeline>
<codeline lineno="17"><highlight class="normal"></highlight></codeline>
<codeline lineno="18" refid="classPose2D_1a216182882a02017665c754b16c1328ae" refkind="member"><highlight class="normal"><ref refid="classPose2D_1a216182882a02017665c754b16c1328ae" kindref="member">Pose2D::Pose2D</ref>()<sp/>{</highlight></codeline>
<codeline lineno="19"><highlight class="normal"><sp/><sp/><sp/><sp/>this-&gt;<ref refid="classPose2D_1a4ea2a4d5ced468e718373ffe07732f60" kindref="member">x</ref><sp/>=<sp/>0;</highlight></codeline>
<codeline lineno="20"><highlight class="normal"><sp/><sp/><sp/><sp/>this-&gt;<ref refid="classPose2D_1a79a6b7de45208d23daa4ec11913a547f" kindref="member">y</ref><sp/>=<sp/>0;</highlight></codeline>
<codeline lineno="21"><highlight class="normal"><sp/><sp/><sp/><sp/>this-&gt;<ref refid="classPose2D_1a3d04db1eca820a577c911ca88df12b7d" kindref="member">heading</ref><sp/>=<sp/>0;</highlight></codeline>
<codeline lineno="22"><highlight class="normal">}</highlight></codeline>
<codeline lineno="23"><highlight class="normal"></highlight></codeline>
<codeline lineno="24" refid="classPose2D_1a4ad9e8c801fb7b2ad934c3f0f4923633" refkind="member"><highlight class="normal"></highlight><highlight class="keywordtype">bool</highlight><highlight class="normal"><sp/><ref refid="classPose2D_1a4ad9e8c801fb7b2ad934c3f0f4923633" kindref="member">Pose2D::isOnLine</ref>(<ref refid="classPose2D" kindref="compound">Pose2D</ref><sp/>LineEnd1,<sp/><ref refid="classPose2D" kindref="compound">Pose2D</ref><sp/>LineEnd2)<sp/>{</highlight></codeline>
<codeline lineno="25"><highlight class="normal"><sp/><sp/><sp/><sp/></highlight><highlight class="keywordtype">double</highlight><highlight class="normal"><sp/>y1<sp/>=<sp/>LineEnd1.<ref refid="classPose2D_1acfc52591b36947d8ead57ada1c12e5c2" kindref="member">getY</ref>();</highlight></codeline>
<codeline lineno="26"><highlight class="normal"><sp/><sp/><sp/><sp/></highlight><highlight class="keywordtype">double</highlight><highlight class="normal"><sp/>x1<sp/>=<sp/>LineEnd1.<ref refid="classPose2D_1ad3453560b394884b5b94de1264b946fa" kindref="member">getX</ref>();</highlight></codeline>
<codeline lineno="27"><highlight class="normal"></highlight></codeline>
<codeline lineno="28"><highlight class="normal"><sp/><sp/><sp/><sp/></highlight><highlight class="keywordtype">double</highlight><highlight class="normal"><sp/>y2<sp/>=<sp/>LineEnd2.<ref refid="classPose2D_1acfc52591b36947d8ead57ada1c12e5c2" kindref="member">getY</ref>();</highlight></codeline>
<codeline lineno="29"><highlight class="normal"><sp/><sp/><sp/><sp/></highlight><highlight class="keywordtype">double</highlight><highlight class="normal"><sp/>x2<sp/>=<sp/>LineEnd2.<ref refid="classPose2D_1ad3453560b394884b5b94de1264b946fa" kindref="member">getX</ref>();</highlight></codeline>
<codeline lineno="30"><highlight class="normal"></highlight></codeline>
<codeline lineno="31"><highlight class="normal"><sp/><sp/><sp/><sp/></highlight><highlight class="keywordflow">if</highlight><highlight class="normal"><sp/>(x1<sp/>&gt;<sp/>x2)<sp/>{</highlight></codeline>
<codeline lineno="32"><highlight class="normal"><sp/><sp/><sp/><sp/></highlight><highlight class="comment">//<sp/>need<sp/>to<sp/>swap</highlight><highlight class="normal"></highlight></codeline>
<codeline lineno="33"><highlight class="normal"><sp/><sp/><sp/><sp/></highlight><highlight class="keywordtype">double</highlight><highlight class="normal"><sp/>holder<sp/>=<sp/>x1;</highlight></codeline>
<codeline lineno="34"><highlight class="normal"><sp/><sp/><sp/><sp/>x1<sp/>=<sp/>x2;</highlight></codeline>
<codeline lineno="35"><highlight class="normal"><sp/><sp/><sp/><sp/>x2<sp/>=<sp/>holder;</highlight></codeline>
<codeline lineno="36"><highlight class="normal"><sp/><sp/><sp/><sp/>holder<sp/>=<sp/>y1;</highlight></codeline>
<codeline lineno="37"><highlight class="normal"><sp/><sp/><sp/><sp/>y1<sp/>=<sp/>y2;</highlight></codeline>
<codeline lineno="38"><highlight class="normal"><sp/><sp/><sp/><sp/>y2<sp/>=<sp/>holder;</highlight></codeline>
<codeline lineno="39"><highlight class="normal"><sp/><sp/><sp/><sp/>}</highlight></codeline>
<codeline lineno="40"><highlight class="normal"></highlight></codeline>
<codeline lineno="41"><highlight class="normal"><sp/><sp/><sp/><sp/></highlight><highlight class="comment">//<sp/>base<sp/>case<sp/>of<sp/>the<sp/>line<sp/>just<sp/>being<sp/>y<sp/>=<sp/></highlight><highlight class="normal"></highlight></codeline>
<codeline lineno="42"><highlight class="normal"><sp/><sp/><sp/><sp/></highlight><highlight class="keywordflow">if</highlight><highlight class="normal"><sp/>(std::abs(y1<sp/>-<sp/>y2)<sp/>&lt;<sp/>0.1)<sp/>{</highlight></codeline>
<codeline lineno="43"><highlight class="normal"><sp/><sp/><sp/><sp/></highlight><highlight class="comment">//<sp/>straight<sp/>y<sp/>=<sp/>line</highlight><highlight class="normal"></highlight></codeline>
<codeline lineno="44"><highlight class="normal"><sp/><sp/><sp/><sp/></highlight><highlight class="keywordflow">return</highlight><highlight class="normal"><sp/>(this-&gt;<ref refid="classPose2D_1ad3453560b394884b5b94de1264b946fa" kindref="member">getX</ref>()<sp/>&lt;<sp/>x2<sp/>&amp;&amp;<sp/>this-&gt;<ref refid="classPose2D_1ad3453560b394884b5b94de1264b946fa" kindref="member">getX</ref>()<sp/>&gt;<sp/>x1);</highlight></codeline>
<codeline lineno="45"><highlight class="normal"><sp/><sp/><sp/><sp/>}</highlight></codeline>
<codeline lineno="46"><highlight class="normal"></highlight></codeline>
<codeline lineno="47"><highlight class="normal"><sp/><sp/><sp/><sp/></highlight><highlight class="comment">//<sp/>case<sp/>where<sp/>the<sp/>line<sp/>is<sp/>just<sp/>x<sp/>=</highlight><highlight class="normal"></highlight></codeline>
<codeline lineno="48"><highlight class="normal"><sp/><sp/><sp/><sp/></highlight><highlight class="keywordflow">else</highlight><highlight class="normal"><sp/></highlight><highlight class="keywordflow">if</highlight><highlight class="normal"><sp/>(std::abs(x1<sp/>-<sp/>x2)<sp/>&lt;<sp/>0.1)<sp/>{</highlight></codeline>
<codeline lineno="49"><highlight class="normal"><sp/><sp/><sp/><sp/></highlight><highlight class="keywordflow">return</highlight><highlight class="normal"><sp/>(this-&gt;<ref refid="classPose2D_1acfc52591b36947d8ead57ada1c12e5c2" kindref="member">getY</ref>()<sp/>&lt;<sp/>std::fmax(y1,<sp/>y2)<sp/>&amp;&amp;<sp/>this-&gt;<ref refid="classPose2D_1acfc52591b36947d8ead57ada1c12e5c2" kindref="member">getY</ref>()<sp/>&gt;<sp/>std::fmin(y1,<sp/>y2));</highlight></codeline>
<codeline lineno="50"><highlight class="normal"><sp/><sp/><sp/><sp/>}</highlight></codeline>
<codeline lineno="51"><highlight class="normal"></highlight></codeline>
<codeline lineno="52"><highlight class="normal"><sp/><sp/><sp/><sp/></highlight><highlight class="comment">//<sp/>y<sp/>=<sp/>mx<sp/>+<sp/>b<sp/>line<sp/>can<sp/>be<sp/>formed</highlight><highlight class="normal"></highlight></codeline>
<codeline lineno="53"><highlight class="normal"><sp/><sp/><sp/><sp/></highlight><highlight class="keywordflow">else</highlight><highlight class="normal"><sp/>{</highlight></codeline>
<codeline lineno="54"><highlight class="normal"><sp/><sp/><sp/><sp/></highlight><highlight class="keywordtype">double</highlight><highlight class="normal"><sp/>m,<sp/>b;<sp/><sp/><sp/><sp/></highlight></codeline>
<codeline lineno="55"><highlight class="normal"><sp/><sp/><sp/><sp/></highlight><highlight class="comment">//<sp/>find<sp/>the<sp/>equation<sp/>of<sp/>the<sp/>line<sp/>and<sp/>plugin<sp/>this<sp/>coordinates<sp/>into<sp/>it<sp/>to<sp/>see<sp/>if<sp/>it<sp/>is<sp/>close<sp/>to<sp/>on<sp/>the<sp/>line</highlight><highlight class="normal"></highlight></codeline>
<codeline lineno="56"><highlight class="normal"><sp/><sp/><sp/><sp/>m<sp/>=<sp/>(y2<sp/>-<sp/>y1)<sp/>/<sp/>(x2<sp/>-<sp/>x1);</highlight></codeline>
<codeline lineno="57"><highlight class="normal"><sp/><sp/><sp/><sp/>b<sp/>=<sp/>y1<sp/>-<sp/>m<sp/>*<sp/>x1;<sp/></highlight><highlight class="comment">//<sp/>B?</highlight><highlight class="normal"></highlight></codeline>
<codeline lineno="58"><highlight class="normal"><sp/><sp/><sp/><sp/><sp/><sp/><sp/><sp/></highlight></codeline>
<codeline lineno="59"><highlight class="normal"><sp/><sp/><sp/><sp/></highlight><highlight class="keywordtype">double</highlight><highlight class="normal"><sp/>wouldBeY<sp/>=<sp/>m<sp/>*<sp/>this-&gt;<ref refid="classPose2D_1ad3453560b394884b5b94de1264b946fa" kindref="member">getX</ref>()<sp/>+<sp/>b;</highlight></codeline>
<codeline lineno="60"><highlight class="normal"><sp/><sp/><sp/><sp/></highlight><highlight class="keywordflow">return</highlight><highlight class="normal"><sp/>fabs(wouldBeY<sp/>-<sp/>this-&gt;<ref refid="classPose2D_1acfc52591b36947d8ead57ada1c12e5c2" kindref="member">getY</ref>())<sp/>&lt;<sp/>0.1;</highlight></codeline>
<codeline lineno="61"><highlight class="normal"><sp/><sp/><sp/><sp/>}</highlight></codeline>
<codeline lineno="62"><highlight class="normal">}</highlight></codeline>
<codeline lineno="63"><highlight class="normal"></highlight></codeline>
<codeline lineno="64" refid="classPose2D_1a5b718e40b6dcc3b109128c57d8d78f69" refkind="member"><highlight class="normal"><ref refid="classPose2D_1a216182882a02017665c754b16c1328ae" kindref="member">Pose2D::Pose2D</ref>(</highlight><highlight class="keyword">const</highlight><highlight class="normal"><sp/><ref refid="classPose2D" kindref="compound">Pose2D</ref>&amp;<sp/>position)<sp/>{</highlight></codeline>
<codeline lineno="65"><highlight class="normal"><sp/><sp/><sp/><sp/>this-&gt;<ref refid="classPose2D_1a4ea2a4d5ced468e718373ffe07732f60" kindref="member">x</ref><sp/>=<sp/>position.<ref refid="classPose2D_1a4ea2a4d5ced468e718373ffe07732f60" kindref="member">x</ref>;</highlight></codeline>
<codeline lineno="66"><highlight class="normal"><sp/><sp/><sp/><sp/>this-&gt;<ref refid="classPose2D_1a79a6b7de45208d23daa4ec11913a547f" kindref="member">y</ref><sp/>=<sp/>position.<ref refid="classPose2D_1a79a6b7de45208d23daa4ec11913a547f" kindref="member">y</ref>;</highlight></codeline>
<codeline lineno="67"><highlight class="normal"><sp/><sp/><sp/><sp/>this-&gt;<ref refid="classPose2D_1a3d04db1eca820a577c911ca88df12b7d" kindref="member">heading</ref><sp/>=<sp/>position.<ref refid="classPose2D_1a3d04db1eca820a577c911ca88df12b7d" kindref="member">heading</ref>;</highlight></codeline>
<codeline lineno="68"><highlight class="normal">}</highlight></codeline>
<codeline lineno="69"><highlight class="normal"></highlight></codeline>
<codeline lineno="70"><highlight class="normal"></highlight><highlight class="comment">/*</highlight></codeline>
<codeline lineno="71"><highlight class="comment">Pose2D::Pose2D(Pose2D*<sp/>position)<sp/>{</highlight></codeline>
<codeline lineno="72"><highlight class="comment"><sp/><sp/>this-&gt;x<sp/>=<sp/>position-&gt;x;</highlight></codeline>
<codeline lineno="73"><highlight class="comment"><sp/><sp/>this-&gt;y<sp/>=<sp/>position-&gt;y;</highlight></codeline>
<codeline lineno="74"><highlight class="comment"><sp/><sp/>this-&gt;heading<sp/>=<sp/>position-&gt;heading;</highlight></codeline>
<codeline lineno="75"><highlight class="comment">}</highlight></codeline>
<codeline lineno="76"><highlight class="comment">*/</highlight><highlight class="normal"></highlight></codeline>
<codeline lineno="77"><highlight class="normal"></highlight></codeline>
<codeline lineno="78" refid="classPose2D_1a29526d1eb9c2eafc4b6d3cc2f31a6773" refkind="member"><highlight class="normal"></highlight><highlight class="keywordtype">double</highlight><highlight class="normal"><sp/><ref refid="classPose2D_1a29526d1eb9c2eafc4b6d3cc2f31a6773" kindref="member">Pose2D::angleTo</ref>(</highlight><highlight class="keyword">const</highlight><highlight class="normal"><sp/><ref refid="classPose2D" kindref="compound">Pose2D</ref>&amp;<sp/>other)</highlight><highlight class="keyword"><sp/>const<sp/></highlight><highlight class="normal">{</highlight></codeline>
<codeline lineno="79"><highlight class="normal"><sp/><sp/></highlight><highlight class="keywordflow">return</highlight><highlight class="normal"><sp/>atan2(other.<ref refid="classPose2D_1a79a6b7de45208d23daa4ec11913a547f" kindref="member">y</ref><sp/>-<sp/>this-&gt;y,<sp/>other.<ref refid="classPose2D_1a4ea2a4d5ced468e718373ffe07732f60" kindref="member">x</ref><sp/>-<sp/>this-&gt;x);<sp/><sp/></highlight></codeline>
<codeline lineno="80"><highlight class="normal">}</highlight></codeline>
<codeline lineno="81"><highlight class="normal"></highlight></codeline>
<codeline lineno="82" refid="classPose2D_1a77b5a2d38fe501e59a8d308b5cfa0508" refkind="member"><highlight class="normal"></highlight><highlight class="keywordtype">void</highlight><highlight class="normal"><sp/><ref refid="classPose2D_1a77b5a2d38fe501e59a8d308b5cfa0508" kindref="member">Pose2D::addAngle</ref>(</highlight><highlight class="keywordtype">double</highlight><highlight class="normal"><sp/>angle)<sp/>{</highlight></codeline>
<codeline lineno="83"><highlight class="normal"><sp/><sp/><sp/><sp/>this-&gt;<ref refid="classPose2D_1a3d04db1eca820a577c911ca88df12b7d" kindref="member">heading</ref><sp/>+=<sp/>angle;</highlight></codeline>
<codeline lineno="84"><highlight class="normal">}</highlight></codeline>
<codeline lineno="85"><highlight class="normal"></highlight></codeline>
<codeline lineno="86" refid="classPose2D_1a9acb14a9b0252c620dfc1e79139b52d3" refkind="member"><highlight class="normal"></highlight><highlight class="keywordtype">double</highlight><highlight class="normal"><sp/><ref refid="classPose2D_1a9acb14a9b0252c620dfc1e79139b52d3" kindref="member">Pose2D::distanceTo</ref>(</highlight><highlight class="keyword">const</highlight><highlight class="normal"><sp/><ref refid="classPose2D" kindref="compound">Pose2D</ref>&amp;<sp/>other)</highlight><highlight class="keyword"><sp/>const<sp/></highlight><highlight class="normal">{</highlight></codeline>
<codeline lineno="87"><highlight class="normal"><sp/><sp/></highlight><highlight class="keywordflow">return</highlight><highlight class="normal"><sp/>hypot(this-&gt;<ref refid="classPose2D_1a4ea2a4d5ced468e718373ffe07732f60" kindref="member">x</ref><sp/>-<sp/>other.<ref refid="classPose2D_1a4ea2a4d5ced468e718373ffe07732f60" kindref="member">x</ref>,<sp/>this-&gt;y<sp/>-<sp/>other.<ref refid="classPose2D_1a79a6b7de45208d23daa4ec11913a547f" kindref="member">y</ref>);</highlight></codeline>
<codeline lineno="88"><highlight class="normal">}</highlight></codeline>
<codeline lineno="89"><highlight class="normal"></highlight></codeline>
<codeline lineno="90" refid="classPose2D_1a73e8e6fd058a55960da459cdef6d6ffb" refkind="member"><highlight class="normal"></highlight><highlight class="keywordtype">double</highlight><highlight class="normal"><sp/><ref refid="classPose2D_1a73e8e6fd058a55960da459cdef6d6ffb" kindref="member">Pose2D::squareOfDistanceTo</ref>(</highlight><highlight class="keyword">const</highlight><highlight class="normal"><sp/><ref refid="classPose2D" kindref="compound">Pose2D</ref>&amp;<sp/>other)</highlight><highlight class="keyword"><sp/>const<sp/></highlight><highlight class="normal">{</highlight></codeline>
<codeline lineno="91"><highlight class="normal"><sp/><sp/></highlight><highlight class="keywordflow">return</highlight><highlight class="normal"><sp/>pow(other.<ref refid="classPose2D_1a4ea2a4d5ced468e718373ffe07732f60" kindref="member">x</ref><sp/>-this-&gt;x,<sp/>2)<sp/>+<sp/>pow(other.<ref refid="classPose2D_1a79a6b7de45208d23daa4ec11913a547f" kindref="member">y</ref><sp/>-<sp/>this-&gt;y,<sp/>2);</highlight></codeline>
<codeline lineno="92"><highlight class="normal">}</highlight></codeline>
<codeline lineno="93"><highlight class="normal"></highlight></codeline>
<codeline lineno="94" refid="classPose2D_1a4fc6977729ef4a4b63e0e9fa0caf1e2e" refkind="member"><highlight class="normal"></highlight><highlight class="keywordtype">void</highlight><highlight class="normal"><sp/><ref refid="classPose2D_1a4fc6977729ef4a4b63e0e9fa0caf1e2e" kindref="member">Pose2D::transformForPose</ref>(</highlight><highlight class="keyword">const</highlight><highlight class="normal"><sp/><ref refid="classPose2D" kindref="compound">Pose2D</ref>&amp;<sp/>other)<sp/>{</highlight></codeline>
<codeline lineno="95"><highlight class="normal"><sp/><sp/><sp/><sp/><ref refid="classPose2D_1add9d11130bbe9e7e66325e98f7ca43f5" kindref="member">rotateByPose</ref>(other);</highlight></codeline>
<codeline lineno="96"><highlight class="normal"><sp/><sp/><sp/><sp/>this-&gt;<ref refid="classPose2D_1a4ea2a4d5ced468e718373ffe07732f60" kindref="member">x</ref><sp/>+=<sp/>other.<ref refid="classPose2D_1a4ea2a4d5ced468e718373ffe07732f60" kindref="member">x</ref>;</highlight></codeline>
<codeline lineno="97"><highlight class="normal"><sp/><sp/><sp/><sp/>this-&gt;<ref refid="classPose2D_1a79a6b7de45208d23daa4ec11913a547f" kindref="member">y</ref><sp/>+=<sp/>other.<ref refid="classPose2D_1a79a6b7de45208d23daa4ec11913a547f" kindref="member">y</ref>;</highlight></codeline>
<codeline lineno="98"><highlight class="normal">}</highlight></codeline>
<codeline lineno="99"><highlight class="normal"></highlight></codeline>
<codeline lineno="100" refid="classPose2D_1a5a031312210c5fd0d88855df26b53c1a" refkind="member"><highlight class="normal"></highlight><highlight class="keywordtype">void</highlight><highlight class="normal"><sp/><ref refid="classPose2D_1a5a031312210c5fd0d88855df26b53c1a" kindref="member">Pose2D::plus</ref>(</highlight><highlight class="keyword">const</highlight><highlight class="normal"><sp/><ref refid="classPose2D" kindref="compound">Pose2D</ref>&amp;<sp/>other)<sp/>{</highlight></codeline>
<codeline lineno="101"><highlight class="normal"><sp/><sp/><sp/><sp/>this-&gt;<ref refid="classPose2D_1a4ea2a4d5ced468e718373ffe07732f60" kindref="member">x</ref><sp/>+=<sp/>other.<ref refid="classPose2D_1a4ea2a4d5ced468e718373ffe07732f60" kindref="member">x</ref>;</highlight></codeline>
<codeline lineno="102"><highlight class="normal"><sp/><sp/><sp/><sp/>this-&gt;<ref refid="classPose2D_1a79a6b7de45208d23daa4ec11913a547f" kindref="member">y</ref><sp/>+=<sp/>other.<ref refid="classPose2D_1a79a6b7de45208d23daa4ec11913a547f" kindref="member">y</ref>;</highlight></codeline>
<codeline lineno="103"><highlight class="normal"><sp/><sp/><sp/><sp/>this-&gt;<ref refid="classPose2D_1a3d04db1eca820a577c911ca88df12b7d" kindref="member">heading</ref><sp/>+=<sp/>other.<ref refid="classPose2D_1a3d04db1eca820a577c911ca88df12b7d" kindref="member">heading</ref>;</highlight></codeline>
<codeline lineno="104"><highlight class="normal">}</highlight></codeline>
<codeline lineno="105"><highlight class="normal"></highlight></codeline>
<codeline lineno="106" refid="classPose2D_1a34c15f20448e7efd354c507d38ec2891" refkind="member"><highlight class="normal"><ref refid="classPose2D" kindref="compound">Pose2D</ref><sp/><ref refid="classPose2D_1a34c15f20448e7efd354c507d38ec2891" kindref="member">Pose2D::clone</ref>()</highlight><highlight class="keyword"><sp/>const<sp/></highlight><highlight class="normal">{</highlight></codeline>
<codeline lineno="107"><highlight class="normal"><sp/><sp/></highlight><highlight class="keywordflow">return</highlight><highlight class="normal"><sp/>{this-&gt;<ref refid="classPose2D_1a4ea2a4d5ced468e718373ffe07732f60" kindref="member">x</ref>,<sp/>this-&gt;<ref refid="classPose2D_1a79a6b7de45208d23daa4ec11913a547f" kindref="member">y</ref>,<sp/>this-&gt;<ref refid="classPose2D_1a3d04db1eca820a577c911ca88df12b7d" kindref="member">heading</ref>};</highlight></codeline>
<codeline lineno="108"><highlight class="normal">}</highlight></codeline>
<codeline lineno="109"><highlight class="normal"></highlight></codeline>
<codeline lineno="110" refid="classPose2D_1aae96b589dd219d641a039b8fe1a56d7b" refkind="member"><highlight class="normal"></highlight><highlight class="keywordtype">void</highlight><highlight class="normal"><sp/><ref refid="classPose2D_1aae96b589dd219d641a039b8fe1a56d7b" kindref="member">Pose2D::vecAdd</ref>(</highlight><highlight class="keyword">const</highlight><highlight class="normal"><sp/></highlight><highlight class="keywordtype">double</highlight><highlight class="normal"><sp/>angle,<sp/></highlight><highlight class="keyword">const</highlight><highlight class="normal"><sp/></highlight><highlight class="keywordtype">double</highlight><highlight class="normal"><sp/>magnitude)<sp/>{</highlight></codeline>
<codeline lineno="111"><highlight class="normal"><sp/><sp/><sp/><sp/>this-&gt;<ref refid="classPose2D_1a4ea2a4d5ced468e718373ffe07732f60" kindref="member">x</ref><sp/>+=<sp/>magnitude<sp/>*<sp/>cos(angle);</highlight></codeline>
<codeline lineno="112"><highlight class="normal"><sp/><sp/><sp/><sp/>this-&gt;<ref refid="classPose2D_1a79a6b7de45208d23daa4ec11913a547f" kindref="member">y</ref><sp/>+=<sp/>magnitude<sp/>*<sp/>sin(angle);</highlight></codeline>
<codeline lineno="113"><highlight class="normal">}</highlight></codeline>
<codeline lineno="114"><highlight class="normal"></highlight></codeline>
<codeline lineno="115"><highlight class="normal"></highlight></codeline>
<codeline lineno="116" refid="classPose2D_1a1e220c70ada1586e8e1f9f2387e45e61" refkind="member"><highlight class="normal"></highlight><highlight class="keywordtype">void</highlight><highlight class="normal"><sp/><ref refid="classPose2D_1a1e220c70ada1586e8e1f9f2387e45e61" kindref="member">Pose2D::rotateByAngle</ref>(</highlight><highlight class="keywordtype">double</highlight><highlight class="normal"><sp/>angle)<sp/>{</highlight></codeline>
<codeline lineno="117"><highlight class="normal"><sp/><sp/></highlight><highlight class="keywordtype">double</highlight><highlight class="normal"><sp/>newX<sp/>=<sp/>this-&gt;<ref refid="classPose2D_1a4ea2a4d5ced468e718373ffe07732f60" kindref="member">x</ref><sp/>*<sp/>cos(angle)<sp/>-<sp/>this-&gt;<ref refid="classPose2D_1a79a6b7de45208d23daa4ec11913a547f" kindref="member">y</ref><sp/>*<sp/>sin(angle);</highlight></codeline>
<codeline lineno="118"><highlight class="normal"><sp/><sp/>this-&gt;<ref refid="classPose2D_1a79a6b7de45208d23daa4ec11913a547f" kindref="member">y</ref><sp/>=<sp/>this-&gt;<ref refid="classPose2D_1a4ea2a4d5ced468e718373ffe07732f60" kindref="member">x</ref><sp/>*<sp/>sin(angle)<sp/>+<sp/>this-&gt;<ref refid="classPose2D_1a79a6b7de45208d23daa4ec11913a547f" kindref="member">y</ref><sp/>*<sp/>cos(angle);</highlight></codeline>
<codeline lineno="119"><highlight class="normal"><sp/><sp/>this-&gt;<ref refid="classPose2D_1a4ea2a4d5ced468e718373ffe07732f60" kindref="member">x</ref><sp/>=<sp/>newX;</highlight></codeline>
<codeline lineno="120"><highlight class="normal"><sp/><sp/>this-&gt;<ref refid="classPose2D_1a3d04db1eca820a577c911ca88df12b7d" kindref="member">heading</ref><sp/>+=<sp/>angle;</highlight></codeline>
<codeline lineno="121"><highlight class="normal">}</highlight></codeline>
<codeline lineno="122"><highlight class="normal"></highlight></codeline>
<codeline lineno="123" refid="classPose2D_1ac6afb91ffac9121da23df77f7c975a39" refkind="member"><highlight class="normal"></highlight><highlight class="keywordtype">void</highlight><highlight class="normal"><sp/><ref refid="classPose2D_1ac6afb91ffac9121da23df77f7c975a39" kindref="member">Pose2D::plusCoord</ref>(</highlight><highlight class="keyword">const</highlight><highlight class="normal"><sp/><ref refid="classPose2D" kindref="compound">Pose2D</ref>&amp;<sp/>other)<sp/>{</highlight></codeline>
<codeline lineno="124"><highlight class="normal"><sp/><sp/><sp/><sp/>this-&gt;<ref refid="classPose2D_1a4ea2a4d5ced468e718373ffe07732f60" kindref="member">x</ref><sp/>+=<sp/>other.<ref refid="classPose2D_1a4ea2a4d5ced468e718373ffe07732f60" kindref="member">x</ref>;</highlight></codeline>
<codeline lineno="125"><highlight class="normal"><sp/><sp/><sp/><sp/>this-&gt;<ref refid="classPose2D_1a79a6b7de45208d23daa4ec11913a547f" kindref="member">y</ref><sp/>+=<sp/>other.<ref refid="classPose2D_1a79a6b7de45208d23daa4ec11913a547f" kindref="member">y</ref>;</highlight></codeline>
<codeline lineno="126"><highlight class="normal">}</highlight></codeline>
<codeline lineno="127"><highlight class="normal"></highlight></codeline>
<codeline lineno="128" refid="classPose2D_1add9d11130bbe9e7e66325e98f7ca43f5" refkind="member"><highlight class="normal"></highlight><highlight class="keywordtype">void</highlight><highlight class="normal"><sp/><ref refid="classPose2D_1add9d11130bbe9e7e66325e98f7ca43f5" kindref="member">Pose2D::rotateByPose</ref>(</highlight><highlight class="keyword">const</highlight><highlight class="normal"><sp/><ref refid="classPose2D" kindref="compound">Pose2D</ref>&amp;<sp/>rotation)<sp/>{</highlight></codeline>
<codeline lineno="129"><highlight class="normal"><sp/><sp/><ref refid="classPose2D_1a1e220c70ada1586e8e1f9f2387e45e61" kindref="member">rotateByAngle</ref>(rotation.<ref refid="classPose2D_1a3d04db1eca820a577c911ca88df12b7d" kindref="member">heading</ref>);</highlight></codeline>
<codeline lineno="130"><highlight class="normal">}</highlight></codeline>
<codeline lineno="131"><highlight class="normal"></highlight></codeline>
<codeline lineno="132" refid="classPose2D_1a03d229ea165034f3130d158a864ce6aa" refkind="member"><highlight class="normal"></highlight><highlight class="keywordtype">void</highlight><highlight class="normal"><sp/><ref refid="classPose2D_1a03d229ea165034f3130d158a864ce6aa" kindref="member">Pose2D::translateByPose</ref>(</highlight><highlight class="keyword">const</highlight><highlight class="normal"><sp/><ref refid="classPose2D" kindref="compound">Pose2D</ref>&amp;<sp/>translation)<sp/>{</highlight></codeline>
<codeline lineno="133"><highlight class="normal"><sp/><sp/>this-&gt;<ref refid="classPose2D_1a4ea2a4d5ced468e718373ffe07732f60" kindref="member">x</ref><sp/>+=<sp/>translation.<ref refid="classPose2D_1a4ea2a4d5ced468e718373ffe07732f60" kindref="member">x</ref>;</highlight></codeline>
<codeline lineno="134"><highlight class="normal"><sp/><sp/>this-&gt;<ref refid="classPose2D_1a79a6b7de45208d23daa4ec11913a547f" kindref="member">y</ref><sp/>+=<sp/>translation.<ref refid="classPose2D_1a79a6b7de45208d23daa4ec11913a547f" kindref="member">y</ref>;</highlight></codeline>
<codeline lineno="135"><highlight class="normal">}<sp/></highlight></codeline>
<codeline lineno="136"><highlight class="normal"></highlight></codeline>
<codeline lineno="137" refid="classPose2D_1a84216b76ce7d5a554794b43c56574582" refkind="member"><highlight class="normal"></highlight><highlight class="keywordtype">void</highlight><highlight class="normal"><sp/><ref refid="classPose2D_1a84216b76ce7d5a554794b43c56574582" kindref="member">Pose2D::translateByMagnitude</ref>(</highlight><highlight class="keywordtype">double</highlight><highlight class="normal"><sp/>magnitude)<sp/>{</highlight></codeline>
<codeline lineno="138"><highlight class="normal"><sp/><sp/>this-&gt;<ref refid="classPose2D_1a4ea2a4d5ced468e718373ffe07732f60" kindref="member">x</ref><sp/>+=<sp/>magnitude<sp/>*<sp/>cos(this-&gt;<ref refid="classPose2D_1a3d04db1eca820a577c911ca88df12b7d" kindref="member">heading</ref>);</highlight></codeline>
<codeline lineno="139"><highlight class="normal"><sp/><sp/>this-&gt;<ref refid="classPose2D_1a79a6b7de45208d23daa4ec11913a547f" kindref="member">y</ref><sp/>+=<sp/>magnitude<sp/>*<sp/>sin(this-&gt;<ref refid="classPose2D_1a3d04db1eca820a577c911ca88df12b7d" kindref="member">heading</ref>);</highlight></codeline>
<codeline lineno="140"><highlight class="normal">}</highlight></codeline>
<codeline lineno="141"><highlight class="normal"></highlight></codeline>
<codeline lineno="142" refid="classPose2D_1a732b26c3659a88456d5fc0e4e1b0a8ea" refkind="member"><highlight class="normal"></highlight><highlight class="keywordtype">void</highlight><highlight class="normal"><sp/><ref refid="classPose2D_1a732b26c3659a88456d5fc0e4e1b0a8ea" kindref="member">Pose2D::transformPose</ref>(</highlight><highlight class="keyword">const</highlight><highlight class="normal"><sp/><ref refid="classPose2D" kindref="compound">Pose2D</ref>&amp;<sp/>modifier)<sp/>{</highlight></codeline>
<codeline lineno="143"><highlight class="normal"><sp/><sp/><ref refid="classPose2D_1a03d229ea165034f3130d158a864ce6aa" kindref="member">translateByPose</ref>(modifier);</highlight></codeline>
<codeline lineno="144"><highlight class="normal"><sp/><sp/><ref refid="classPose2D_1add9d11130bbe9e7e66325e98f7ca43f5" kindref="member">rotateByPose</ref>(modifier);</highlight></codeline>
<codeline lineno="145"><highlight class="normal">}</highlight></codeline>
<codeline lineno="146"><highlight class="normal"></highlight></codeline>
<codeline lineno="147" refid="classPose2D_1ad3453560b394884b5b94de1264b946fa" refkind="member"><highlight class="normal"></highlight><highlight class="keywordtype">double</highlight><highlight class="normal"><sp/><ref refid="classPose2D_1ad3453560b394884b5b94de1264b946fa" kindref="member">Pose2D::getX</ref>()</highlight><highlight class="keyword"><sp/>const<sp/></highlight><highlight class="normal">{</highlight></codeline>
<codeline lineno="148"><highlight class="normal"><sp/><sp/></highlight><highlight class="keywordflow">return</highlight><highlight class="normal"><sp/><ref refid="classPose2D_1a4ea2a4d5ced468e718373ffe07732f60" kindref="member">x</ref>;</highlight></codeline>
<codeline lineno="149"><highlight class="normal">}</highlight></codeline>
<codeline lineno="150"><highlight class="normal"></highlight></codeline>
<codeline lineno="151" refid="classPose2D_1acfc52591b36947d8ead57ada1c12e5c2" refkind="member"><highlight class="normal"></highlight><highlight class="keywordtype">double</highlight><highlight class="normal"><sp/><ref refid="classPose2D_1acfc52591b36947d8ead57ada1c12e5c2" kindref="member">Pose2D::getY</ref>()</highlight><highlight class="keyword"><sp/>const<sp/></highlight><highlight class="normal">{</highlight></codeline>
<codeline lineno="152"><highlight class="normal"><sp/><sp/></highlight><highlight class="keywordflow">return</highlight><highlight class="normal"><sp/><ref refid="classPose2D_1a79a6b7de45208d23daa4ec11913a547f" kindref="member">y</ref>;</highlight></codeline>
<codeline lineno="153"><highlight class="normal">}</highlight></codeline>
<codeline lineno="154"><highlight class="normal"></highlight></codeline>
<codeline lineno="155" refid="classPose2D_1aab0666fc4e510ece6f85a13fbfd6d347" refkind="member"><highlight class="normal"></highlight><highlight class="keywordtype">double</highlight><highlight class="normal"><sp/><ref refid="classPose2D_1aab0666fc4e510ece6f85a13fbfd6d347" kindref="member">Pose2D::getHeading</ref>()</highlight><highlight class="keyword"><sp/>const<sp/></highlight><highlight class="normal">{</highlight></codeline>
<codeline lineno="156"><highlight class="normal"><sp/><sp/></highlight><highlight class="keywordflow">return</highlight><highlight class="normal"><sp/><ref refid="classPose2D_1a3d04db1eca820a577c911ca88df12b7d" kindref="member">heading</ref>;</highlight></codeline>
<codeline lineno="157"><highlight class="normal">}</highlight></codeline>
<codeline lineno="158"><highlight class="normal"></highlight></codeline>
<codeline lineno="159" refid="classPose2D_1a07d03a1b06734fa63fcf6ee05befcb51" refkind="member"><highlight class="normal"></highlight><highlight class="keywordtype">void</highlight><highlight class="normal"><sp/><ref refid="classPose2D_1a07d03a1b06734fa63fcf6ee05befcb51" kindref="member">Pose2D::setHeading</ref>(</highlight><highlight class="keywordtype">double</highlight><highlight class="normal"><sp/>angle)<sp/>{</highlight></codeline>
<codeline lineno="160"><highlight class="normal"><sp/><sp/><sp/><sp/>this-&gt;<ref refid="classPose2D_1a3d04db1eca820a577c911ca88df12b7d" kindref="member">heading</ref><sp/>=<sp/>angle;</highlight></codeline>
<codeline lineno="161"><highlight class="normal">}</highlight></codeline>
<codeline lineno="162"><highlight class="normal"></highlight></codeline>
<codeline lineno="163" refid="classPose2D_1af2c1bc2df5d8a7d8914f8be52454f01c" refkind="member"><highlight class="normal"></highlight><highlight class="keywordtype">void</highlight><highlight class="normal"><sp/><ref refid="classPose2D_1af2c1bc2df5d8a7d8914f8be52454f01c" kindref="member">Pose2D::setX</ref>(</highlight><highlight class="keywordtype">double</highlight><highlight class="normal"><sp/>x)<sp/>{</highlight></codeline>
<codeline lineno="164"><highlight class="normal"><sp/><sp/><sp/><sp/>this-&gt;x<sp/>=<sp/><ref refid="classPose2D_1a4ea2a4d5ced468e718373ffe07732f60" kindref="member">x</ref>;</highlight></codeline>
<codeline lineno="165"><highlight class="normal">}</highlight></codeline>
<codeline lineno="166"><highlight class="normal"></highlight></codeline>
<codeline lineno="167" refid="classPose2D_1a2d4fc81aa0bd66e7fe5ad9ef23ca349c" refkind="member"><highlight class="normal"></highlight><highlight class="keywordtype">void</highlight><highlight class="normal"><sp/><ref refid="classPose2D_1a2d4fc81aa0bd66e7fe5ad9ef23ca349c" kindref="member">Pose2D::setY</ref>(</highlight><highlight class="keywordtype">double</highlight><highlight class="normal"><sp/>y)<sp/>{</highlight></codeline>
<codeline lineno="168"><highlight class="normal"><sp/><sp/><sp/><sp/>this-&gt;y<sp/>=<sp/><ref refid="classPose2D_1a79a6b7de45208d23daa4ec11913a547f" kindref="member">y</ref>;</highlight></codeline>
<codeline lineno="169"><highlight class="normal">}</highlight></codeline>
<codeline lineno="170"><highlight class="normal"></highlight></codeline>
<codeline lineno="171" refid="classPose2D_1aa5f78e433ba60f61ea49b08ec8ff4d08" refkind="member"><highlight class="normal">uint8_t<sp/><ref refid="classPose2D_1aa5f78e433ba60f61ea49b08ec8ff4d08" kindref="member">Pose2D::getQuadrant</ref>()</highlight><highlight class="keyword"><sp/>const<sp/></highlight><highlight class="normal">{</highlight></codeline>
<codeline lineno="172"><highlight class="normal"><sp/><sp/><sp/><sp/></highlight><highlight class="keywordflow">if</highlight><highlight class="normal"><sp/>(<ref refid="classPose2D_1a4ea2a4d5ced468e718373ffe07732f60" kindref="member">x</ref><sp/>==<sp/>0<sp/>||<sp/><ref refid="classPose2D_1a79a6b7de45208d23daa4ec11913a547f" kindref="member">y</ref><sp/>==<sp/>0)<sp/>{</highlight></codeline>
<codeline lineno="173"><highlight class="normal"><sp/><sp/><sp/><sp/><sp/><sp/><sp/><sp/></highlight><highlight class="keywordflow">return</highlight><highlight class="normal"><sp/>0;</highlight></codeline>
<codeline lineno="174"><highlight class="normal"><sp/><sp/><sp/><sp/>}</highlight></codeline>
<codeline lineno="175"><highlight class="normal"><sp/><sp/><sp/><sp/></highlight><highlight class="keywordflow">if</highlight><highlight class="normal"><sp/>(<ref refid="classPose2D_1a4ea2a4d5ced468e718373ffe07732f60" kindref="member">x</ref><sp/>&lt;<sp/>0)<sp/>{</highlight></codeline>
<codeline lineno="176"><highlight class="normal"><sp/><sp/><sp/><sp/><sp/><sp/><sp/><sp/></highlight><highlight class="keywordflow">if</highlight><highlight class="normal"><sp/>(<ref refid="classPose2D_1a79a6b7de45208d23daa4ec11913a547f" kindref="member">y</ref><sp/>&lt;<sp/>0)<sp/>{</highlight></codeline>
<codeline lineno="177"><highlight class="normal"><sp/><sp/><sp/><sp/><sp/><sp/><sp/><sp/><sp/><sp/><sp/><sp/></highlight><highlight class="keywordflow">return</highlight><highlight class="normal"><sp/>3;</highlight></codeline>
<codeline lineno="178"><highlight class="normal"><sp/><sp/><sp/><sp/><sp/><sp/><sp/><sp/>}</highlight></codeline>
<codeline lineno="179"><highlight class="normal"><sp/><sp/><sp/><sp/><sp/><sp/><sp/><sp/></highlight><highlight class="keywordflow">return</highlight><highlight class="normal"><sp/>2;</highlight></codeline>
<codeline lineno="180"><highlight class="normal"><sp/><sp/><sp/><sp/>}</highlight></codeline>
<codeline lineno="181"><highlight class="normal"><sp/><sp/><sp/><sp/></highlight><highlight class="keywordflow">if</highlight><highlight class="normal"><sp/>(<ref refid="classPose2D_1a79a6b7de45208d23daa4ec11913a547f" kindref="member">y</ref><sp/>&gt;<sp/>0)<sp/>{</highlight></codeline>
<codeline lineno="182"><highlight class="normal"><sp/><sp/><sp/><sp/><sp/><sp/><sp/><sp/></highlight><highlight class="keywordflow">return</highlight><highlight class="normal"><sp/>1;</highlight></codeline>
<codeline lineno="183"><highlight class="normal"><sp/><sp/><sp/><sp/>}</highlight></codeline>
<codeline lineno="184"><highlight class="normal"><sp/><sp/><sp/><sp/></highlight><highlight class="keywordflow">return</highlight><highlight class="normal"><sp/>4;</highlight></codeline>
<codeline lineno="185"><highlight class="normal">}</highlight></codeline>
<codeline lineno="186"><highlight class="normal"></highlight></codeline>
<codeline lineno="187" refid="classPose2D_1adc44dfc82549ea97d3622052b615bf55" refkind="member"><highlight class="normal"></highlight><highlight class="keywordtype">void</highlight><highlight class="normal"><sp/><ref refid="classPose2D_1adc44dfc82549ea97d3622052b615bf55" kindref="member">Pose2D::minus</ref>(</highlight><highlight class="keyword">const</highlight><highlight class="normal"><sp/><ref refid="classPose2D" kindref="compound">Pose2D</ref><sp/>other)<sp/>{</highlight></codeline>
<codeline lineno="188"><highlight class="normal"><sp/><sp/><sp/><sp/>this-&gt;<ref refid="classPose2D_1a4ea2a4d5ced468e718373ffe07732f60" kindref="member">x</ref><sp/>-=<sp/>other.<ref refid="classPose2D_1a4ea2a4d5ced468e718373ffe07732f60" kindref="member">x</ref>;</highlight></codeline>
<codeline lineno="189"><highlight class="normal"><sp/><sp/><sp/><sp/>this-&gt;<ref refid="classPose2D_1a79a6b7de45208d23daa4ec11913a547f" kindref="member">y</ref><sp/>-=<sp/>other.<ref refid="classPose2D_1a79a6b7de45208d23daa4ec11913a547f" kindref="member">y</ref>;</highlight></codeline>
<codeline lineno="190"><highlight class="normal"><sp/><sp/><sp/><sp/>this-&gt;<ref refid="classPose2D_1a3d04db1eca820a577c911ca88df12b7d" kindref="member">heading</ref><sp/>-=<sp/>other.<ref refid="classPose2D_1a3d04db1eca820a577c911ca88df12b7d" kindref="member">heading</ref>;</highlight></codeline>
<codeline lineno="191"><highlight class="normal">}</highlight></codeline>
<codeline lineno="192"><highlight class="normal"></highlight></codeline>
<codeline lineno="193" refid="classPose2D_1a35455cacb295ea54820030b9dbb191f2" refkind="member"><highlight class="normal"><ref refid="classPose2D" kindref="compound">Pose2D</ref><sp/><ref refid="classPose2D_1a35455cacb295ea54820030b9dbb191f2" kindref="member">Pose2D::fromPolar</ref>(</highlight><highlight class="keywordtype">double</highlight><highlight class="normal"><sp/>magnitude,<sp/></highlight><highlight class="keywordtype">double</highlight><highlight class="normal"><sp/>angle)<sp/>{</highlight></codeline>
<codeline lineno="194"><highlight class="normal"><sp/><sp/><sp/><sp/></highlight><highlight class="keywordtype">double</highlight><highlight class="normal"><sp/><ref refid="classPose2D_1a4ea2a4d5ced468e718373ffe07732f60" kindref="member">x</ref><sp/>=<sp/>magnitude<sp/>*<sp/>cos(angle);</highlight></codeline>
<codeline lineno="195"><highlight class="normal"><sp/><sp/><sp/><sp/></highlight><highlight class="keywordtype">double</highlight><highlight class="normal"><sp/><ref refid="classPose2D_1a79a6b7de45208d23daa4ec11913a547f" kindref="member">y</ref><sp/>=<sp/>magnitude<sp/>*<sp/>sin(angle);</highlight></codeline>
<codeline lineno="196"><highlight class="normal"><sp/><sp/><sp/><sp/><ref refid="classPose2D" kindref="compound">Pose2D</ref><sp/>pose(<ref refid="classPose2D_1a4ea2a4d5ced468e718373ffe07732f60" kindref="member">x</ref>,<sp/><ref refid="classPose2D_1a79a6b7de45208d23daa4ec11913a547f" kindref="member">y</ref>,<sp/>0);</highlight></codeline>
<codeline lineno="197"><highlight class="normal"><sp/><sp/><sp/><sp/></highlight><highlight class="keywordflow">return</highlight><highlight class="normal"><sp/>pose;</highlight></codeline>
<codeline lineno="198"><highlight class="normal">}</highlight></codeline>
<codeline lineno="199"><highlight class="normal"></highlight></codeline>
<codeline lineno="200" refid="classPose2D_1ad02ce98e6c53fb62bb65eda3cae90a1c" refkind="member"><highlight class="normal"></highlight><highlight class="keywordtype">double</highlight><highlight class="normal"><sp/><ref refid="classPose2D_1ad02ce98e6c53fb62bb65eda3cae90a1c" kindref="member">Pose2D::degreesToRadians</ref>(</highlight><highlight class="keywordtype">double</highlight><highlight class="normal"><sp/>degrees)<sp/>{</highlight></codeline>
<codeline lineno="201"><highlight class="normal"><sp/><sp/><sp/><sp/></highlight><highlight class="keywordflow">return</highlight><highlight class="normal"><sp/>degrees<sp/>*<sp/>M_PI<sp/>/<sp/>180.0;</highlight></codeline>
<codeline lineno="202"><highlight class="normal">}</highlight></codeline>
<codeline lineno="203"><highlight class="normal"></highlight></codeline>
<codeline lineno="204" refid="classPose2D_1a5d17898ded76394ed8d4af09b6c79ca2" refkind="member"><highlight class="normal"><ref refid="classPose2D" kindref="compound">Pose2D</ref><sp/><ref refid="classPose2D_1a5d17898ded76394ed8d4af09b6c79ca2" kindref="member">Pose2D::parseFromStream</ref>(std::istringstream&amp;<sp/>stream)<sp/>{</highlight></codeline>
<codeline lineno="205"><highlight class="normal"><sp/><sp/><sp/><sp/></highlight><highlight class="keywordtype">double</highlight><highlight class="normal"><sp/><ref refid="classPose2D_1a4ea2a4d5ced468e718373ffe07732f60" kindref="member">x</ref>,<sp/><ref refid="classPose2D_1a79a6b7de45208d23daa4ec11913a547f" kindref="member">y</ref>,<sp/><ref refid="classPose2D_1a3d04db1eca820a577c911ca88df12b7d" kindref="member">heading</ref>;</highlight></codeline>
<codeline lineno="206"><highlight class="normal"><sp/><sp/><sp/><sp/><sp/><sp/><sp/><sp/></highlight><highlight class="keywordflow">if</highlight><highlight class="normal"><sp/>(stream<sp/>&gt;&gt;<sp/><ref refid="classPose2D_1a4ea2a4d5ced468e718373ffe07732f60" kindref="member">x</ref><sp/>&gt;&gt;<sp/><ref refid="classPose2D_1a79a6b7de45208d23daa4ec11913a547f" kindref="member">y</ref><sp/>&gt;&gt;<sp/><ref refid="classPose2D_1a3d04db1eca820a577c911ca88df12b7d" kindref="member">heading</ref>)<sp/>{</highlight></codeline>
<codeline lineno="207"><highlight class="normal"><sp/><sp/><sp/><sp/><sp/><sp/><sp/><sp/></highlight><highlight class="keywordflow">return</highlight><highlight class="normal"><sp/>{<ref refid="classPose2D_1a4ea2a4d5ced468e718373ffe07732f60" kindref="member">x</ref>,<sp/><ref refid="classPose2D_1a79a6b7de45208d23daa4ec11913a547f" kindref="member">y</ref>,<sp/><ref refid="classPose2D_1a3d04db1eca820a577c911ca88df12b7d" kindref="member">heading</ref>};</highlight></codeline>
<codeline lineno="208"><highlight class="normal"><sp/><sp/><sp/><sp/>}</highlight></codeline>
<codeline lineno="209"><highlight class="normal"></highlight></codeline>
<codeline lineno="210"><highlight class="normal"><sp/><sp/><sp/><sp/></highlight><highlight class="keywordflow">return</highlight><highlight class="normal"><sp/>{0,<sp/>0};</highlight></codeline>
<codeline lineno="211"><highlight class="normal">}</highlight></codeline>
<codeline lineno="212"><highlight class="normal"></highlight></codeline>
<codeline lineno="213" refid="classPose2D_1ad0b3a99de1a5972d3bed31e4e47e4e09" refkind="member"><highlight class="normal"><ref refid="classPose2D" kindref="compound">Pose2D</ref><sp/><ref refid="classPose2D_1ad0b3a99de1a5972d3bed31e4e47e4e09" kindref="member">Pose2D::subtractBy</ref>(</highlight><highlight class="keyword">const</highlight><highlight class="normal"><sp/><ref refid="classPose2D" kindref="compound">Pose2D</ref>&amp;<sp/>other)</highlight><highlight class="keyword"><sp/>const<sp/></highlight><highlight class="normal">{</highlight></codeline>
<codeline lineno="214"><highlight class="normal"><sp/><sp/><sp/><sp/></highlight><highlight class="keywordflow">return</highlight><highlight class="normal"><sp/>{this-&gt;<ref refid="classPose2D_1a4ea2a4d5ced468e718373ffe07732f60" kindref="member">x</ref><sp/>-<sp/>other.<ref refid="classPose2D_1a4ea2a4d5ced468e718373ffe07732f60" kindref="member">x</ref>,<sp/>this-&gt;<ref refid="classPose2D_1a79a6b7de45208d23daa4ec11913a547f" kindref="member">y</ref><sp/>-<sp/>other.<ref refid="classPose2D_1a79a6b7de45208d23daa4ec11913a547f" kindref="member">y</ref>};</highlight></codeline>
<codeline lineno="215"><highlight class="normal">}</highlight></codeline>
<codeline lineno="216"><highlight class="normal"></highlight></codeline>
<codeline lineno="217" refid="classPose2D_1ab2ee3fec06d12adad8bd9c37fe7a8175" refkind="member"><highlight class="normal"><ref refid="classPose2D" kindref="compound">Pose2D</ref><sp/><ref refid="classPose2D_1ab2ee3fec06d12adad8bd9c37fe7a8175" kindref="member">Pose2D::scaleBy</ref>(</highlight><highlight class="keywordtype">double</highlight><highlight class="normal"><sp/>scalar)</highlight><highlight class="keyword"><sp/>const<sp/></highlight><highlight class="normal">{</highlight></codeline>
<codeline lineno="218"><highlight class="normal"><sp/><sp/><sp/><sp/></highlight><highlight class="keywordflow">return</highlight><highlight class="normal"><sp/>{this-&gt;<ref refid="classPose2D_1a4ea2a4d5ced468e718373ffe07732f60" kindref="member">x</ref><sp/>*<sp/>scalar,<sp/>this-&gt;<ref refid="classPose2D_1a79a6b7de45208d23daa4ec11913a547f" kindref="member">y</ref><sp/>*<sp/>scalar};</highlight></codeline>
<codeline lineno="219"><highlight class="normal">}</highlight></codeline>
<codeline lineno="220"><highlight class="normal"></highlight></codeline>
<codeline lineno="221" refid="classPose2D_1ab4524355149f49542d83fc144e2438a8" refkind="member"><highlight class="normal"><ref refid="classPose2D" kindref="compound">Pose2D</ref><sp/><ref refid="classPose2D_1ab4524355149f49542d83fc144e2438a8" kindref="member">Pose2D::normalize</ref>()</highlight><highlight class="keyword"><sp/>const<sp/></highlight><highlight class="normal">{</highlight></codeline>
<codeline lineno="222"><highlight class="normal"><sp/><sp/><sp/><sp/></highlight><highlight class="keywordtype">double</highlight><highlight class="normal"><sp/>squared<sp/>=<sp/>sqrt(pow(this-&gt;<ref refid="classPose2D_1a4ea2a4d5ced468e718373ffe07732f60" kindref="member">x</ref>,<sp/>2)<sp/>+<sp/>pow(this-&gt;<ref refid="classPose2D_1a79a6b7de45208d23daa4ec11913a547f" kindref="member">y</ref>,<sp/>2));</highlight></codeline>
<codeline lineno="223"><highlight class="normal"><sp/><sp/><sp/><sp/></highlight><highlight class="keywordflow">return</highlight><highlight class="normal"><sp/>{this-&gt;<ref refid="classPose2D_1a4ea2a4d5ced468e718373ffe07732f60" kindref="member">x</ref><sp/>/<sp/>squared,<sp/>this-&gt;<ref refid="classPose2D_1a79a6b7de45208d23daa4ec11913a547f" kindref="member">y</ref><sp/>/<sp/>squared};</highlight></codeline>
<codeline lineno="224"><highlight class="normal">}</highlight></codeline>
<codeline lineno="225"><highlight class="normal"></highlight></codeline>
<codeline lineno="226" refid="classPose2D_1a359e162b9cb331cd5ccca9739ab31502" refkind="member"><highlight class="normal"></highlight><highlight class="keywordtype">double</highlight><highlight class="normal"><sp/><ref refid="classPose2D_1a359e162b9cb331cd5ccca9739ab31502" kindref="member">Pose2D::dotProduct</ref>(</highlight><highlight class="keyword">const</highlight><highlight class="normal"><sp/><ref refid="classPose2D" kindref="compound">Pose2D</ref>&amp;<sp/>other)</highlight><highlight class="keyword"><sp/>const<sp/></highlight><highlight class="normal">{</highlight></codeline>
<codeline lineno="227"><highlight class="normal"><sp/><sp/><sp/><sp/></highlight><highlight class="keywordflow">return</highlight><highlight class="normal"><sp/>this-&gt;<ref refid="classPose2D_1a4ea2a4d5ced468e718373ffe07732f60" kindref="member">x</ref><sp/>*<sp/>other.<ref refid="classPose2D_1a4ea2a4d5ced468e718373ffe07732f60" kindref="member">x</ref><sp/>+<sp/>this-&gt;<ref refid="classPose2D_1a79a6b7de45208d23daa4ec11913a547f" kindref="member">y</ref><sp/>*<sp/>other.<ref refid="classPose2D_1a79a6b7de45208d23daa4ec11913a547f" kindref="member">y</ref>;</highlight></codeline>
<codeline lineno="228"><highlight class="normal">}</highlight></codeline>
<codeline lineno="229"><highlight class="normal"></highlight></codeline>
<codeline lineno="230" refid="classPose2D_1a8ee5dca0a6268342b242172f7222756f" refkind="member"><highlight class="normal">std::ostream<sp/>&amp;<ref refid="Pose2D_8cpp_1a8ee5dca0a6268342b242172f7222756f" kindref="member">operator&lt;&lt;</ref>(std::ostream<sp/>&amp;os,<sp/></highlight><highlight class="keyword">const</highlight><highlight class="normal"><sp/><ref refid="classPose2D" kindref="compound">Pose2D</ref><sp/>&amp;d)<sp/>{</highlight></codeline>
<codeline lineno="231"><highlight class="normal"><sp/><sp/><sp/><sp/>os<sp/>&lt;&lt;<sp/></highlight><highlight class="stringliteral">&quot;x:<sp/>&quot;</highlight><highlight class="normal"><sp/>&lt;&lt;<sp/>d.<ref refid="classPose2D_1a4ea2a4d5ced468e718373ffe07732f60" kindref="member">x</ref><sp/>&lt;&lt;<sp/></highlight><highlight class="stringliteral">&quot;<sp/>y:<sp/>&quot;</highlight><highlight class="normal"><sp/>&lt;&lt;<sp/>d.<ref refid="classPose2D_1a79a6b7de45208d23daa4ec11913a547f" kindref="member">y</ref><sp/>&lt;&lt;<sp/></highlight><highlight class="stringliteral">&quot;<sp/>heading:<sp/>&quot;</highlight><highlight class="normal"><sp/>&lt;&lt;<sp/>d.<ref refid="classPose2D_1a3d04db1eca820a577c911ca88df12b7d" kindref="member">heading</ref>;</highlight></codeline>
<codeline lineno="232"><highlight class="normal"><sp/><sp/><sp/><sp/></highlight><highlight class="keywordflow">return</highlight><highlight class="normal"><sp/>os;</highlight></codeline>
<codeline lineno="233"><highlight class="normal">}</highlight></codeline>
<codeline lineno="234"><highlight class="normal"></highlight></codeline>
<codeline lineno="235" refid="classPose2D_1a52fbe813508bcb22e43c0ba8d1041246" refkind="member"><highlight class="normal"></highlight><highlight class="keywordtype">void</highlight><highlight class="normal"><sp/><ref refid="classPose2D_1a52fbe813508bcb22e43c0ba8d1041246" kindref="member">Pose2D::wrapHeading</ref>()<sp/>{</highlight></codeline>
<codeline lineno="236"><highlight class="normal"><sp/><sp/><sp/><sp/><ref refid="classPose2D_1a3d04db1eca820a577c911ca88df12b7d" kindref="member">heading</ref><sp/>=<sp/>fmod(<ref refid="classPose2D_1a3d04db1eca820a577c911ca88df12b7d" kindref="member">heading</ref>,<sp/>2<sp/>*<sp/>M_PI);</highlight></codeline>
<codeline lineno="237"><highlight class="normal"></highlight></codeline>
<codeline lineno="238"><highlight class="normal"><sp/><sp/><sp/><sp/></highlight><highlight class="keywordflow">if</highlight><highlight class="normal"><sp/>(<ref refid="classPose2D_1a3d04db1eca820a577c911ca88df12b7d" kindref="member">heading</ref><sp/>&gt;<sp/>M_PI)<sp/>{</highlight></codeline>
<codeline lineno="239"><highlight class="normal"><sp/><sp/><sp/><sp/><sp/><sp/><sp/><sp/><ref refid="classPose2D_1a3d04db1eca820a577c911ca88df12b7d" kindref="member">heading</ref><sp/>-=<sp/>2<sp/>*<sp/>M_PI;</highlight></codeline>
<codeline lineno="240"><highlight class="normal"><sp/><sp/><sp/><sp/>}</highlight></codeline>
<codeline lineno="241"><highlight class="normal"></highlight></codeline>
<codeline lineno="242"><highlight class="normal"><sp/><sp/><sp/><sp/></highlight><highlight class="keywordflow">if</highlight><highlight class="normal"><sp/>(<ref refid="classPose2D_1a3d04db1eca820a577c911ca88df12b7d" kindref="member">heading</ref><sp/>&lt;<sp/>-<sp/>M_PI)<sp/>{</highlight></codeline>
<codeline lineno="243"><highlight class="normal"><sp/><sp/><sp/><sp/><sp/><sp/><sp/><sp/><ref refid="classPose2D_1a3d04db1eca820a577c911ca88df12b7d" kindref="member">heading</ref><sp/>+=<sp/>2<sp/>*<sp/>M_PI;</highlight></codeline>
<codeline lineno="244"><highlight class="normal"><sp/><sp/><sp/><sp/>}</highlight></codeline>
<codeline lineno="245"><highlight class="normal">}</highlight></codeline>
<codeline lineno="246"><highlight class="normal"></highlight></codeline>
<codeline lineno="247"><highlight class="normal"></highlight></codeline>
<codeline lineno="248" refid="Pose2D_8cpp_1af747b1235ddc04741dd30bf4c6a35d3c" refkind="member"><highlight class="normal"><ref refid="structRectangle" kindref="compound">Rectangle</ref><sp/><ref refid="Pose2D_8cpp_1af747b1235ddc04741dd30bf4c6a35d3c" kindref="member">makeRectangleFromLine</ref>(</highlight><highlight class="keyword">const</highlight><highlight class="normal"><sp/><ref refid="classPose2D" kindref="compound">Pose2D</ref>&amp;<sp/>L1,<sp/></highlight><highlight class="keyword">const</highlight><highlight class="normal"><sp/><ref refid="classPose2D" kindref="compound">Pose2D</ref>&amp;<sp/>L2,<sp/></highlight><highlight class="keywordtype">double</highlight><highlight class="normal"><sp/>width)<sp/>{</highlight></codeline>
<codeline lineno="249"><highlight class="normal"><sp/><sp/><sp/><sp/></highlight><highlight class="keywordtype">double</highlight><highlight class="normal"><sp/>angleBetweenPoints<sp/>=<sp/>L1.<ref refid="classPose2D_1a29526d1eb9c2eafc4b6d3cc2f31a6773" kindref="member">angleTo</ref>(L2);</highlight></codeline>
<codeline lineno="250"><highlight class="normal"><sp/><sp/><sp/><sp/></highlight><highlight class="keywordtype">double</highlight><highlight class="normal"><sp/>lengthBetween<sp/>=<sp/>L1.<ref refid="classPose2D_1a9acb14a9b0252c620dfc1e79139b52d3" kindref="member">distanceTo</ref>(L2);</highlight></codeline>
<codeline lineno="251"><highlight class="normal"><sp/><sp/><sp/><sp/><ref refid="classPose2D" kindref="compound">Pose2D</ref><sp/>head(L1);</highlight></codeline>
<codeline lineno="252"><highlight class="normal"><sp/><sp/><sp/><sp/>head.<ref refid="classPose2D_1a07d03a1b06734fa63fcf6ee05befcb51" kindref="member">setHeading</ref>(angleBetweenPoints<sp/>-<sp/>M_PI);</highlight></codeline>
<codeline lineno="253"><highlight class="normal"><sp/><sp/><sp/><sp/>head.<ref refid="classPose2D_1a84216b76ce7d5a554794b43c56574582" kindref="member">translateByMagnitude</ref>(width);</highlight></codeline>
<codeline lineno="254"><highlight class="normal"><sp/><sp/><sp/><sp/><ref refid="classPose2D" kindref="compound">Pose2D</ref><sp/>r1(head);</highlight></codeline>
<codeline lineno="255"><highlight class="normal"><sp/><sp/><sp/><sp/>head.<ref refid="classPose2D_1a77b5a2d38fe501e59a8d308b5cfa0508" kindref="member">addAngle</ref>(M_PI);</highlight></codeline>
<codeline lineno="256"><highlight class="normal"><sp/><sp/><sp/><sp/>head.<ref refid="classPose2D_1a84216b76ce7d5a554794b43c56574582" kindref="member">translateByMagnitude</ref>(lengthBetween);</highlight></codeline>
<codeline lineno="257"><highlight class="normal"><sp/><sp/><sp/><sp/><ref refid="classPose2D" kindref="compound">Pose2D</ref><sp/>r2(head);</highlight></codeline>
<codeline lineno="258"><highlight class="normal"><sp/><sp/><sp/><sp/>head.<ref refid="classPose2D_1a77b5a2d38fe501e59a8d308b5cfa0508" kindref="member">addAngle</ref>(M_PI);</highlight></codeline>
<codeline lineno="259"><highlight class="normal"><sp/><sp/><sp/><sp/>head.<ref refid="classPose2D_1a84216b76ce7d5a554794b43c56574582" kindref="member">translateByMagnitude</ref>(width<sp/>*<sp/>2);</highlight></codeline>
<codeline lineno="260"><highlight class="normal"><sp/><sp/><sp/><sp/><ref refid="classPose2D" kindref="compound">Pose2D</ref><sp/>r3(head);</highlight></codeline>
<codeline lineno="261"><highlight class="normal"><sp/><sp/><sp/><sp/>head.<ref refid="classPose2D_1a77b5a2d38fe501e59a8d308b5cfa0508" kindref="member">addAngle</ref>(M_PI);</highlight></codeline>
<codeline lineno="262"><highlight class="normal"><sp/><sp/><sp/><sp/>head.<ref refid="classPose2D_1a84216b76ce7d5a554794b43c56574582" kindref="member">translateByMagnitude</ref>(lengthBetween);</highlight></codeline>
<codeline lineno="263"><highlight class="normal"><sp/><sp/><sp/><sp/></highlight></codeline>
<codeline lineno="264"><highlight class="normal"><sp/><sp/><sp/><sp/></highlight><highlight class="keywordflow">return</highlight><highlight class="normal"><sp/>(<ref refid="structRectangle" kindref="compound">Rectangle</ref>)<sp/>{r1,<sp/>r2,<sp/>r3,<sp/>head};</highlight></codeline>
<codeline lineno="265"><highlight class="normal">}</highlight></codeline>
<codeline lineno="266"><highlight class="normal"></highlight></codeline>
<codeline lineno="267" refid="classPose2D_1a1cd7e63d410b091dcc89e20afcd65fff" refkind="member"><highlight class="normal"></highlight><highlight class="keywordtype">void</highlight><highlight class="normal"><sp/><ref refid="classPose2D_1a1cd7e63d410b091dcc89e20afcd65fff" kindref="member">Pose2D::multiply</ref>(</highlight><highlight class="keywordtype">double</highlight><highlight class="normal"><sp/>d)<sp/>{</highlight></codeline>
<codeline lineno="268"><highlight class="normal"><sp/><sp/><sp/><sp/>this-&gt;<ref refid="classPose2D_1a4ea2a4d5ced468e718373ffe07732f60" kindref="member">x</ref><sp/>*=<sp/>d;</highlight></codeline>
<codeline lineno="269"><highlight class="normal"><sp/><sp/><sp/><sp/>this-&gt;<ref refid="classPose2D_1a79a6b7de45208d23daa4ec11913a547f" kindref="member">y</ref><sp/>*=<sp/>d;</highlight></codeline>
<codeline lineno="270"><highlight class="normal">}</highlight></codeline>
    </programlisting>
    <location file="/home/calebk/Documents/coding/RoombaController/src/Pose2D.cpp"/>
  </compounddef>
</doxygen>
