<?xml version='1.0' encoding='UTF-8' standalone='no'?>
<doxygen xmlns:xsi="http://www.w3.org/2001/XMLSchema-instance" xsi:noNamespaceSchemaLocation="compound.xsd" version="1.10.0" xml:lang="en-US">
  <compounddef id="structRectangle" kind="struct" language="C++" prot="public">
    <compoundname>Rectangle</compoundname>
    <includes refid="Pose2D_8hpp" local="no">Pose2D.hpp</includes>
    <sectiondef kind="public-attrib">
      <memberdef kind="variable" id="structRectangle_1a9ab0b4bae48e8330e4064bfc2aac696d" prot="public" static="no" mutable="no">
        <type><ref refid="classPose2D" kindref="compound">Pose2D</ref></type>
        <definition>Pose2D Rectangle::r1</definition>
        <argsstring></argsstring>
        <name>r1</name>
        <qualifiedname>Rectangle::r1</qualifiedname>
        <briefdescription>
        </briefdescription>
        <detaileddescription>
        </detaileddescription>
        <inbodydescription>
        </inbodydescription>
        <location file="/home/calebk/Documents/coding/RoombaController/src/Pose2D.hpp" line="314" column="12" bodyfile="/home/calebk/Documents/coding/RoombaController/src/Pose2D.hpp" bodystart="314" bodyend="-1"/>
      </memberdef>
      <memberdef kind="variable" id="structRectangle_1ab7c029f35f42207f6cd273c7251ff8fb" prot="public" static="no" mutable="no">
        <type><ref refid="classPose2D" kindref="compound">Pose2D</ref></type>
        <definition>Pose2D Rectangle::r2</definition>
        <argsstring></argsstring>
        <name>r2</name>
        <qualifiedname>Rectangle::r2</qualifiedname>
        <briefdescription>
        </briefdescription>
        <detaileddescription>
        </detaileddescription>
        <inbodydescription>
        </inbodydescription>
        <location file="/home/calebk/Documents/coding/RoombaController/src/Pose2D.hpp" line="314" column="15" bodyfile="/home/calebk/Documents/coding/RoombaController/src/Pose2D.hpp" bodystart="314" bodyend="-1"/>
      </memberdef>
      <memberdef kind="variable" id="structRectangle_1a084cafc6917f1a0881e6e111329a4588" prot="public" static="no" mutable="no">
        <type><ref refid="classPose2D" kindref="compound">Pose2D</ref></type>
        <definition>Pose2D Rectangle::r3</definition>
        <argsstring></argsstring>
        <name>r3</name>
        <qualifiedname>Rectangle::r3</qualifiedname>
        <briefdescription>
        </briefdescription>
        <detaileddescription>
        </detaileddescription>
        <inbodydescription>
        </inbodydescription>
        <location file="/home/calebk/Documents/coding/RoombaController/src/Pose2D.hpp" line="314" column="18" bodyfile="/home/calebk/Documents/coding/RoombaController/src/Pose2D.hpp" bodystart="314" bodyend="-1"/>
      </memberdef>
      <memberdef kind="variable" id="structRectangle_1ad96df264562ce0b343bc9569ac899b29" prot="public" static="no" mutable="no">
        <type><ref refid="classPose2D" kindref="compound">Pose2D</ref></type>
        <definition>Pose2D Rectangle::r4</definition>
        <argsstring></argsstring>
        <name>r4</name>
        <qualifiedname>Rectangle::r4</qualifiedname>
        <briefdescription>
        </briefdescription>
        <detaileddescription>
        </detaileddescription>
        <inbodydescription>
        </inbodydescription>
        <location file="/home/calebk/Documents/coding/RoombaController/src/Pose2D.hpp" line="314" column="21" bodyfile="/home/calebk/Documents/coding/RoombaController/src/Pose2D.hpp" bodystart="314" bodyend="-1"/>
      </memberdef>
    </sectiondef>
    <briefdescription>
    </briefdescription>
    <detaileddescription>
<para>Struct to resemble the four corners of a rectangle </para>
    </detaileddescription>
    <collaborationgraph>
      <node id="2">
        <label>Pose2D</label>
        <link refid="classPose2D"/>
      </node>
      <node id="1">
        <label>Rectangle</label>
        <link refid="structRectangle"/>
        <childnode refid="2" relation="usage">
          <edgelabel>r1</edgelabel>
          <edgelabel>r2</edgelabel>
          <edgelabel>r3</edgelabel>
          <edgelabel>r4</edgelabel>
        </childnode>
      </node>
    </collaborationgraph>
    <location file="/home/calebk/Documents/coding/RoombaController/src/Pose2D.hpp" line="313" column="1" bodyfile="/home/calebk/Documents/coding/RoombaController/src/Pose2D.hpp" bodystart="313" bodyend="315"/>
    <listofallmembers>
      <member refid="structRectangle_1a9ab0b4bae48e8330e4064bfc2aac696d" prot="public" virt="non-virtual"><scope>Rectangle</scope><name>r1</name></member>
      <member refid="structRectangle_1ab7c029f35f42207f6cd273c7251ff8fb" prot="public" virt="non-virtual"><scope>Rectangle</scope><name>r2</name></member>
      <member refid="structRectangle_1a084cafc6917f1a0881e6e111329a4588" prot="public" virt="non-virtual"><scope>Rectangle</scope><name>r3</name></member>
      <member refid="structRectangle_1ad96df264562ce0b343bc9569ac899b29" prot="public" virt="non-virtual"><scope>Rectangle</scope><name>r4</name></member>
    </listofallmembers>
  </compounddef>
</doxygen>
