<?xml version='1.0' encoding='UTF-8' standalone='no'?>
<section xmlns="http://docbook.org/ns/docbook" version="5.0" xmlns:xlink="http://www.w3.org/1999/xlink" xml:id="_dir_68267d1309a1af8e8297ef4c3efbcdba" xml:lang="en-US">
<title>/home/calebk/Documents/coding/RoombaController/src Directory Reference</title>
<indexterm><primary>/home/calebk/Documents/coding/RoombaController/src Directory Reference</primary></indexterm>
<simplesect>
    <title>Files    </title>
        <itemizedlist>
            <listitem><para>file <link linkend="_Field_8cpp">Field.cpp</link></para>
</listitem>
            <listitem><para>file <link linkend="_Field_8hpp">Field.hpp</link></para>
</listitem>
            <listitem><para>file <link linkend="_Graph_8cpp">Graph.cpp</link></para>
</listitem>
            <listitem><para>file <link linkend="_Graph_8hpp">Graph.hpp</link></para>
</listitem>
            <listitem><para>file <link linkend="_Hole_8cpp">Hole.cpp</link></para>
</listitem>
            <listitem><para>file <link linkend="_Hole_8hpp">Hole.hpp</link></para>
</listitem>
            <listitem><para>file <link linkend="_HoleManager_8cpp">HoleManager.cpp</link></para>
</listitem>
            <listitem><para>file <link linkend="_HoleManager_8hpp">HoleManager.hpp</link></para>
</listitem>
            <listitem><para>file <link linkend="_main_8cpp">main.cpp</link></para>
</listitem>
            <listitem><para>file <link linkend="_Node_8cpp">Node.cpp</link></para>
</listitem>
            <listitem><para>file <link linkend="_Node_8hpp">Node.hpp</link></para>
</listitem>
            <listitem><para>file <link linkend="_Pillar_8cpp">Pillar.cpp</link></para>
</listitem>
            <listitem><para>file <link linkend="_Pillar_8hpp">Pillar.hpp</link></para>
</listitem>
            <listitem><para>file <link linkend="_Pose2D_8cpp">Pose2D.cpp</link></para>
</listitem>
            <listitem><para>file <link linkend="_Pose2D_8hpp">Pose2D.hpp</link></para>
</listitem>
            <listitem><para>file <link linkend="_util_8cpp">util.cpp</link></para>
</listitem>
            <listitem><para>file <link linkend="_util_8hpp">util.hpp</link></para>
</listitem>
        </itemizedlist>
</simplesect>
</section>
