<?xml version='1.0' encoding='UTF-8' standalone='no'?>
<section xmlns="http://docbook.org/ns/docbook" version="5.0" xmlns:xlink="http://www.w3.org/1999/xlink" xml:id="_Field_8hpp_source" xml:lang="en-US">
<title>Field.hpp</title>
<indexterm><primary>/home/calebk/Documents/coding/RoombaController/src/Field.hpp</primary></indexterm>
Go to the documentation of this file.<programlisting linenumbering="unnumbered"><anchor xml:id="_Field_8hpp_source_1l00001"/>00001 <emphasis role="comment">//</emphasis>
<anchor xml:id="_Field_8hpp_source_1l00002"/>00002 <emphasis role="comment">//&#32;Created&#32;by&#32;caleb&#32;on&#32;10/25/2024</emphasis>
<anchor xml:id="_Field_8hpp_source_1l00003"/>00003 <emphasis role="comment">//</emphasis>
<anchor xml:id="_Field_8hpp_source_1l00004"/>00004 
<anchor xml:id="_Field_8hpp_source_1l00005"/>00005 <emphasis role="preprocessor">#ifndef&#32;FIELD_H</emphasis>
<anchor xml:id="_Field_8hpp_source_1l00006"/>00006 <emphasis role="preprocessor">#define&#32;FIELD_H</emphasis>
<anchor xml:id="_Field_8hpp_source_1l00007"/>00007 
<anchor xml:id="_Field_8hpp_source_1l00008"/>00008 <emphasis role="preprocessor">#include&#32;&quot;<link linkend="_Pillar_8hpp">Pillar.hpp</link>&quot;</emphasis>
<anchor xml:id="_Field_8hpp_source_1l00009"/>00009 <emphasis role="preprocessor">#include&#32;&quot;vector&quot;</emphasis>
<anchor xml:id="_Field_8hpp_source_1l00010"/>00010 <emphasis role="preprocessor">#include&#32;&lt;cstdint&gt;</emphasis>&#32;
<anchor xml:id="_Field_8hpp_source_1l00011"/>00011 <emphasis role="preprocessor">#include&#32;&lt;memory&gt;</emphasis>
<anchor xml:id="_Field_8hpp_source_1l00012"/>00012 
<anchor xml:id="_Field_8hpp_source_1l00013"/>00013 <emphasis role="preprocessor">#include&#32;&quot;<link linkend="_Graph_8hpp">Graph.hpp</link>&quot;</emphasis>
<anchor xml:id="_Field_8hpp_source_1l00014"/>00014 <emphasis role="preprocessor">#include&#32;&quot;<link linkend="_HoleManager_8hpp">HoleManager.hpp</link>&quot;</emphasis>
<anchor xml:id="_Field_8hpp_source_1l00015"/>00015 <emphasis role="preprocessor">#include&#32;&quot;<link linkend="_Pose2D_8hpp">Pose2D.hpp</link>&quot;</emphasis>
<anchor xml:id="_Field_8hpp_source_1l00016"/>00016 
<anchor xml:id="_Field_8hpp_source_1l00020"/><link linkend="_Field_8hpp_1a898606140dee9ce0adf096de00824d94">00020</link> <emphasis role="preprocessor">#define&#32;MAX_X&#32;426.72</emphasis>
<anchor xml:id="_Field_8hpp_source_1l00021"/>00021 
<anchor xml:id="_Field_8hpp_source_1l00025"/><link linkend="_Field_8hpp_1a985cc18be96dda7f59fd0400725e4aef">00025</link> <emphasis role="preprocessor">#define&#32;MAX_Y&#32;242.57</emphasis>
<anchor xml:id="_Field_8hpp_source_1l00026"/>00026 
<anchor xml:id="_Field_8hpp_source_1l00030"/><link linkend="_Field_8hpp_1a8926bbad0c6fb22d1c85cb4fdcd286d5">00030</link> <emphasis role="keyword">enum</emphasis>&#32;<link linkend="_Field_8hpp_1a8926bbad0c6fb22d1c85cb4fdcd286d5">Cardinality</link>&#32;{
<anchor xml:id="_Field_8hpp_source_1l00031"/><link linkend="_Field_8hpp_1a8926bbad0c6fb22d1c85cb4fdcd286d5a2c63acbe79d9f41ba6bb7766e9c37702">00031</link> &#32;&#32;&#32;&#32;<link linkend="_Field_8hpp_1a8926bbad0c6fb22d1c85cb4fdcd286d5a2c63acbe79d9f41ba6bb7766e9c37702">N</link>&#32;=&#32;<emphasis role="charliteral">&apos;N&apos;</emphasis>,
<anchor xml:id="_Field_8hpp_source_1l00032"/><link linkend="_Field_8hpp_1a8926bbad0c6fb22d1c85cb4fdcd286d5af1ce01387d2348f8b858721a7db81670">00032</link> &#32;&#32;&#32;&#32;<link linkend="_Field_8hpp_1a8926bbad0c6fb22d1c85cb4fdcd286d5af1ce01387d2348f8b858721a7db81670">S</link>&#32;=&#32;<emphasis role="charliteral">&apos;S&apos;</emphasis>,
<anchor xml:id="_Field_8hpp_source_1l00033"/><link linkend="_Field_8hpp_1a8926bbad0c6fb22d1c85cb4fdcd286d5ab199e021998d49b1f09338d8b9b18ecb">00033</link> &#32;&#32;&#32;&#32;<link linkend="_Field_8hpp_1a8926bbad0c6fb22d1c85cb4fdcd286d5ab199e021998d49b1f09338d8b9b18ecb">E</link>&#32;=&#32;<emphasis role="charliteral">&apos;E&apos;</emphasis>,
<anchor xml:id="_Field_8hpp_source_1l00034"/><link linkend="_Field_8hpp_1a8926bbad0c6fb22d1c85cb4fdcd286d5ab722ceeb601c72cd78fbd35f3581fdf7">00034</link> &#32;&#32;&#32;&#32;<link linkend="_Field_8hpp_1a8926bbad0c6fb22d1c85cb4fdcd286d5ab722ceeb601c72cd78fbd35f3581fdf7">W</link>&#32;=&#32;<emphasis role="charliteral">&apos;W&apos;</emphasis>,
<anchor xml:id="_Field_8hpp_source_1l00035"/>00035 };
<anchor xml:id="_Field_8hpp_source_1l00036"/>00036 
<anchor xml:id="_Field_8hpp_source_1l00040"/><link linkend="_classField">00040</link> <emphasis role="keyword">class&#32;</emphasis><link linkend="_classField">Field</link>&#32;{
<anchor xml:id="_Field_8hpp_source_1l00041"/>00041 &#32;&#32;<emphasis role="keyword">protected</emphasis>:
<anchor xml:id="_Field_8hpp_source_1l00046"/><link linkend="_classField_1a003a6384059a42b3d38bba86f8482bc5">00046</link> &#32;std::unique_ptr&lt;std::vector&lt;Pillar&gt;&gt;&#32;<link linkend="_classField_1a003a6384059a42b3d38bba86f8482bc5">pillars</link>;
<anchor xml:id="_Field_8hpp_source_1l00047"/>00047 
<anchor xml:id="_Field_8hpp_source_1l00051"/><link linkend="_classField_1acd1e5fe551b0b0910391b193d29550ca">00051</link> &#32;<link linkend="_classHoleManager">HoleManager</link>&#32;<link linkend="_classField_1acd1e5fe551b0b0910391b193d29550ca">holeManager</link>;
<anchor xml:id="_Field_8hpp_source_1l00052"/>00052 
<anchor xml:id="_Field_8hpp_source_1l00057"/><link linkend="_classField_1adf27e38bcd47cb341328a2339b2c16a3">00057</link> &#32;<link linkend="_classPose2D">Pose2D</link>&#32;<link linkend="_classField_1adf27e38bcd47cb341328a2339b2c16a3">offset</link>;
<anchor xml:id="_Field_8hpp_source_1l00058"/>00058 
<anchor xml:id="_Field_8hpp_source_1l00062"/><link linkend="_classField_1afba5f7de976bb8640644ba6cbb7b5e35">00062</link> &#32;<link linkend="_classPose2D">Pose2D</link>&#32;<link linkend="_classField_1afba5f7de976bb8640644ba6cbb7b5e35">desiredDestination</link>;
<anchor xml:id="_Field_8hpp_source_1l00063"/>00063 
<anchor xml:id="_Field_8hpp_source_1l00067"/><link linkend="_classField_1aa714dd29f5248a7de11e20c8c67f6bb4">00067</link> &#32;<link linkend="_classPillar">Pillar</link>&#32;<link linkend="_classField_1aa714dd29f5248a7de11e20c8c67f6bb4">botPose</link>;
<anchor xml:id="_Field_8hpp_source_1l00068"/>00068 
<anchor xml:id="_Field_8hpp_source_1l00073"/><link linkend="_classField_1a5a6d409dcc5a61d64888f8ca20c6b05f">00073</link> &#32;<link linkend="_classPose2D">Pose2D</link>&#32;<link linkend="_classField_1a5a6d409dcc5a61d64888f8ca20c6b05f">runningError</link>;
<anchor xml:id="_Field_8hpp_source_1l00074"/>00074 
<anchor xml:id="_Field_8hpp_source_1l00082"/><link linkend="_classField_1ab69087224439a9f8c3414e7b72383201">00082</link> &#32;<link linkend="_classGraph">Graph&lt;Pose2D&gt;</link>&#32;<link linkend="_classField_1ab69087224439a9f8c3414e7b72383201">graph</link>;
<anchor xml:id="_Field_8hpp_source_1l00083"/>00083 
<anchor xml:id="_Field_8hpp_source_1l00087"/><link linkend="_classField_1a1d7b5e004850feaa692893d0c46add14">00087</link> &#32;int32_t&#32;<link linkend="_classField_1a1d7b5e004850feaa692893d0c46add14">desiredIndex</link>&#32;=&#32;-1;
<anchor xml:id="_Field_8hpp_source_1l00088"/>00088 
<anchor xml:id="_Field_8hpp_source_1l00093"/><link linkend="_classField_1a536803e37492ec349eae440878304a00">00093</link> &#32;std::vector&lt;Pillar&gt;&#32;<link linkend="_classField_1a536803e37492ec349eae440878304a00">newPillars</link>;
<anchor xml:id="_Field_8hpp_source_1l00094"/>00094 &#32;&#32;&#32;&#32;
<anchor xml:id="_Field_8hpp_source_1l00095"/>00095 &#32;&#32;<emphasis role="keyword">public</emphasis>:
<anchor xml:id="_Field_8hpp_source_1l00102"/>00102 &#32;&#32;&#32;&#32;<link linkend="_classField_1a3e804c92273d9159f413f227b535c672">Field</link>(<emphasis role="keyword">const</emphasis>&#32;std::vector&lt;Pillar&gt;&amp;&#32;<link linkend="_classField_1a003a6384059a42b3d38bba86f8482bc5">pillars</link>,&#32;<emphasis role="keyword">const</emphasis>&#32;<link linkend="_classPose2D">Pose2D</link>&amp;&#32;<link linkend="_classField_1afba5f7de976bb8640644ba6cbb7b5e35">desiredDestination</link>,&#32;<emphasis role="keyword">const</emphasis>&#32;<link linkend="_classPillar">Pillar</link>&amp;&#32;<link linkend="_classField_1aa714dd29f5248a7de11e20c8c67f6bb4">botPose</link>);
<anchor xml:id="_Field_8hpp_source_1l00103"/>00103 
<anchor xml:id="_Field_8hpp_source_1l00109"/>00109 &#32;&#32;&#32;&#32;<link linkend="_classField_1a3e804c92273d9159f413f227b535c672">Field</link>(<emphasis role="keyword">const</emphasis>&#32;std::vector&lt;Pillar&gt;&amp;&#32;<link linkend="_classField_1a003a6384059a42b3d38bba86f8482bc5">pillars</link>,&#32;<emphasis role="keyword">const</emphasis>&#32;<link linkend="_classPose2D">Pose2D</link>&amp;&#32;<link linkend="_classField_1afba5f7de976bb8640644ba6cbb7b5e35">desiredDestination</link>);
<anchor xml:id="_Field_8hpp_source_1l00110"/>00110 
<anchor xml:id="_Field_8hpp_source_1l00114"/>00114 &#32;&#32;&#32;&#32;<link linkend="_classField_1a3e804c92273d9159f413f227b535c672">Field</link>();
<anchor xml:id="_Field_8hpp_source_1l00115"/>00115 
<anchor xml:id="_Field_8hpp_source_1l00123"/><link linkend="_classField_1a5d6ee1de8a4bf615a3eb2b0ed080479d">00123</link> &#32;&#32;&#32;&#32;<link linkend="_classField_1a5d6ee1de8a4bf615a3eb2b0ed080479d">Field</link>(<emphasis role="keyword">const</emphasis>&#32;std::unique_ptr&lt;std::vector&lt;Pillar&gt;&gt;&#32;&amp;<link linkend="_classField_1a003a6384059a42b3d38bba86f8482bc5">pillars</link>,&#32;<emphasis role="keyword">const</emphasis>&#32;<link linkend="_classPose2D">Pose2D</link>&#32;&amp;desired_destination,
<anchor xml:id="_Field_8hpp_source_1l00124"/>00124 &#32;&#32;&#32;&#32;&#32;&#32;&#32;&#32;&#32;&#32;<emphasis role="keyword">const</emphasis>&#32;<link linkend="_classPillar">Pillar</link>&#32;&amp;bot_pose,&#32;<emphasis role="keyword">const</emphasis>&#32;<link linkend="_classGraph">Graph&lt;Pose2D&gt;</link>&#32;&amp;<link linkend="_classField_1ab69087224439a9f8c3414e7b72383201">graph</link>);
<anchor xml:id="_Field_8hpp_source_1l00125"/>00125 
<anchor xml:id="_Field_8hpp_source_1l00131"/>00131 &#32;<emphasis role="keywordtype">void</emphasis>&#32;<link linkend="_classField_1aba8449d9e693a3542f37c223099464d9">addEdgeMeasurement</link>(<emphasis role="keywordtype">double</emphasis>&#32;rawPosition,&#32;<link linkend="_Field_8hpp_1a8926bbad0c6fb22d1c85cb4fdcd286d5">Cardinality</link>&#32;cardinality);
<anchor xml:id="_Field_8hpp_source_1l00132"/>00132 
<anchor xml:id="_Field_8hpp_source_1l00137"/>00137 &#32;<link linkend="_classHoleManager">HoleManager</link>&amp;&#32;<link linkend="_classField_1a87df29e3618d42c11b886bbcf07b1453">getManager</link>();
<anchor xml:id="_Field_8hpp_source_1l00138"/>00138 
<anchor xml:id="_Field_8hpp_source_1l00144"/>00144 &#32;<emphasis role="keywordtype">void</emphasis>&#32;<link linkend="_classField_1ae3ce826773c17f1e987af8ee4fb64269">applyOffsetToEdge</link>(<emphasis role="keywordtype">double</emphasis>&#32;x,&#32;<emphasis role="keywordtype">double</emphasis>&#32;y);
<anchor xml:id="_Field_8hpp_source_1l00145"/>00145 
<anchor xml:id="_Field_8hpp_source_1l00149"/>00149 &#32;[[nodiscard]]&#32;int32_t&#32;<link linkend="_classField_1a076b4e7297f788e933b4ee824b930473">getDesiredIndex</link>()&#32;<emphasis role="keyword">const</emphasis>;
<anchor xml:id="_Field_8hpp_source_1l00150"/>00150 
<anchor xml:id="_Field_8hpp_source_1l00154"/>00154 &#32;<emphasis role="keywordtype">void</emphasis>&#32;<link linkend="_classField_1a753a1dbb8d1e8b6159309bdfeec3d1f1">clearField</link>();
<anchor xml:id="_Field_8hpp_source_1l00155"/>00155 
<anchor xml:id="_Field_8hpp_source_1l00160"/>00160 &#32;<link linkend="_classGraph">Graph&lt;Pose2D&gt;</link>&amp;&#32;<link linkend="_classField_1ae20c991c2df6d7e863458e181b683140">getGraph</link>();
<anchor xml:id="_Field_8hpp_source_1l00161"/>00161 
<anchor xml:id="_Field_8hpp_source_1l00165"/>00165 &#32;<link linkend="_classPillar">Pillar</link>&#32;<link linkend="_classField_1a55f738166b3267d7fa313465d2866dd4">getBotPose</link>();
<anchor xml:id="_Field_8hpp_source_1l00166"/>00166 
<anchor xml:id="_Field_8hpp_source_1l00172"/>00172 &#32;<emphasis role="keyword">static</emphasis>&#32;<emphasis role="keywordtype">bool</emphasis>&#32;<link linkend="_classField_1ad499baebb2aa49f7467d5d632ed97199">outOfBounds</link>(<emphasis role="keyword">const</emphasis>&#32;<link linkend="_classPose2D">Pose2D</link>&amp;&#32;location);
<anchor xml:id="_Field_8hpp_source_1l00173"/>00173 
<anchor xml:id="_Field_8hpp_source_1l00177"/>00177 &#32;&#32;&#32;&#32;<emphasis role="keyword">static</emphasis>&#32;<emphasis role="keywordtype">bool</emphasis>&#32;<link linkend="_classField_1a729114d0b55662bbcb8f21897617e0c1">lineIntersectsCircle</link>(<emphasis role="keywordtype">double</emphasis>&#32;cx,&#32;<emphasis role="keywordtype">double</emphasis>&#32;cy,&#32;<emphasis role="keywordtype">double</emphasis>&#32;r,&#32;<emphasis role="keywordtype">double</emphasis>&#32;x1,&#32;<emphasis role="keywordtype">double</emphasis>&#32;y1,&#32;<emphasis role="keywordtype">double</emphasis>&#32;x2,&#32;<emphasis role="keywordtype">double</emphasis>&#32;y2);
<anchor xml:id="_Field_8hpp_source_1l00178"/>00178 
<anchor xml:id="_Field_8hpp_source_1l00182"/><link linkend="_classField_1a1d2b8ed638cd4b785be4156a3638578d">00182</link> &#32;<emphasis role="keyword">static</emphasis>&#32;<emphasis role="keywordtype">bool</emphasis>&#32;<link linkend="_classField_1a1d2b8ed638cd4b785be4156a3638578d">lineIntersectsCircle</link>(<link linkend="_classPillar">Pillar</link>&#32;p1,&#32;<emphasis role="keyword">const</emphasis>&#32;<link linkend="_classPose2D">Pose2D</link>&amp;&#32;one,&#32;<emphasis role="keyword">const</emphasis>&#32;<link linkend="_classPose2D">Pose2D</link>&amp;&#32;two)&#32;{<emphasis role="keywordflow">return</emphasis>&#32;<link linkend="_classField_1a1d2b8ed638cd4b785be4156a3638578d">lineIntersectsCircle</link>(p1.<link linkend="_classPillar_1adc8c902c96a36b5e8e6642e2b462e927">getX</link>(),&#32;p1.<link linkend="_classPillar_1a6a39e5dac33d94196391caeeb379c48a">getY</link>(),&#32;p1.<link linkend="_classPillar_1a404e92b3ee6005fcd400ae120ce0b560">getRadius</link>()&#32;+&#32;<link linkend="_Pose2D_8hpp_1aa214e157b90ee2b54649c3bb808b4d60">BOT_RADIUS</link>,&#32;one.<link linkend="_classPose2D_1ad3453560b394884b5b94de1264b946fa">getX</link>(),&#32;one.<link linkend="_classPose2D_1acfc52591b36947d8ead57ada1c12e5c2">getY</link>(),&#32;two.<link linkend="_classPose2D_1ad3453560b394884b5b94de1264b946fa">getX</link>(),&#32;two.<link linkend="_classPose2D_1acfc52591b36947d8ead57ada1c12e5c2">getY</link>());&#32;}
<anchor xml:id="_Field_8hpp_source_1l00183"/>00183 
<anchor xml:id="_Field_8hpp_source_1l00187"/>00187 &#32;<emphasis role="keywordtype">void</emphasis>&#32;<link linkend="_classField_1a3e9096a686ffb177056e24dfb920a610">discretizeGraph</link>();
<anchor xml:id="_Field_8hpp_source_1l00188"/>00188 
<anchor xml:id="_Field_8hpp_source_1l00192"/>00192 &#32;<emphasis role="keywordtype">void</emphasis>&#32;<link linkend="_classField_1ab1945d8274ee391ea813863aa94c5d52">weightGraph</link>();
<anchor xml:id="_Field_8hpp_source_1l00193"/>00193 
<anchor xml:id="_Field_8hpp_source_1l00198"/>00198 &#32;std::vector&lt;Pose2D&gt;&#32;<link linkend="_classField_1aa988c5de70875dd81c766c9429a4b986">makePath</link>();
<anchor xml:id="_Field_8hpp_source_1l00199"/>00199 
<anchor xml:id="_Field_8hpp_source_1l00204"/>00204 &#32;<emphasis role="keywordtype">void</emphasis>&#32;<link linkend="_classField_1a890d7140a600bed6eb18a549b1a0faf9">addPillar</link>(<link linkend="_classPillar">Pillar</link>&amp;&#32;newPillar);
<anchor xml:id="_Field_8hpp_source_1l00205"/>00205 
<anchor xml:id="_Field_8hpp_source_1l00210"/>00210 &#32;&#32;&#32;&#32;<emphasis role="keywordtype">void</emphasis>&#32;<link linkend="_classField_1a099593a58a6edcd2e6e2831abbb8fe89">updateBotPose</link>(<emphasis role="keyword">const</emphasis>&#32;<link linkend="_classPose2D">Pose2D</link>&amp;&#32;updatedPosition);
<anchor xml:id="_Field_8hpp_source_1l00211"/>00211 
<anchor xml:id="_Field_8hpp_source_1l00216"/>00216 &#32;&#32;&#32;&#32;std::unique_ptr&lt;std::vector&lt;Pillar&gt;&gt;&#32;<link linkend="_classField_1a3c2ce861d894d5ef000293887a2be3bb">getPillars</link>();
<anchor xml:id="_Field_8hpp_source_1l00217"/>00217 
<anchor xml:id="_Field_8hpp_source_1l00222"/>00222 &#32;&#32;&#32;&#32;<emphasis role="keywordtype">void</emphasis>&#32;<link linkend="_classField_1a8a9681dae64b9db32d147ffefd25a78e">setPillars</link>(std::unique_ptr&lt;std::vector&lt;Pillar&gt;&gt;&#32;<link linkend="_classField_1a003a6384059a42b3d38bba86f8482bc5">pillars</link>);
<anchor xml:id="_Field_8hpp_source_1l00223"/>00223 
<anchor xml:id="_Field_8hpp_source_1l00227"/>00227 &#32;&#32;&#32;&#32;std::vector&lt;Pillar&gt;&#32;<link linkend="_classField_1a1f3f3b289e23572dc12f9aef6b33817e">getCopyPillars</link>();
<anchor xml:id="_Field_8hpp_source_1l00228"/>00228 
<anchor xml:id="_Field_8hpp_source_1l00234"/>00234 &#32;&#32;&#32;&#32;<emphasis role="keywordtype">bool</emphasis>&#32;<link linkend="_classField_1a3ed7a96d07bdc2a21edda0fa7626e6fe">validLocationForNode</link>(<emphasis role="keyword">const</emphasis>&#32;<link linkend="_classPose2D">Pose2D</link>&amp;&#32;location);
<anchor xml:id="_Field_8hpp_source_1l00235"/>00235 
<anchor xml:id="_Field_8hpp_source_1l00240"/>00240 &#32;&#32;&#32;&#32;<link linkend="_classPose2D">Pose2D</link>&#32;<link linkend="_classField_1a5fa390f458efc053b4621a991566204f">getDesiredDestination</link>();
<anchor xml:id="_Field_8hpp_source_1l00241"/>00241 
<anchor xml:id="_Field_8hpp_source_1l00245"/>00245 &#32;&#32;&#32;&#32;<emphasis role="keywordtype">void</emphasis>&#32;<link linkend="_classField_1a9448f436dd4e1e2d6bf1d82bf18c86a2">updateDesired</link>(<emphasis role="keyword">const</emphasis>&#32;<link linkend="_classPose2D">Pose2D</link>&amp;&#32;other);
<anchor xml:id="_Field_8hpp_source_1l00246"/>00246 
<anchor xml:id="_Field_8hpp_source_1l00251"/>00251 &#32;&#32;&#32;&#32;<emphasis role="keywordtype">void</emphasis>&#32;<link linkend="_classField_1ad3354ff6a0954809aa9e7082778d8c44">setDesiredIndex</link>(int32_t&#32;index);
<anchor xml:id="_Field_8hpp_source_1l00252"/>00252 
<anchor xml:id="_Field_8hpp_source_1l00258"/><link linkend="_classField_1ad631e7bd5cdcc7c10d274836ce464e1b">00258</link> &#32;&#32;&#32;&#32;<emphasis role="keyword">static</emphasis>&#32;<emphasis role="keywordtype">double</emphasis>&#32;<link linkend="_classField_1ad631e7bd5cdcc7c10d274836ce464e1b">roundRadius</link>(<emphasis role="keywordtype">double</emphasis>&#32;radius)&#32;{
<anchor xml:id="_Field_8hpp_source_1l00259"/>00259 &#32;&#32;&#32;&#32;&#32;&#32;&#32;&#32;<emphasis role="keyword">const</emphasis>&#32;<emphasis role="keywordtype">double</emphasis>&#32;possibleRadii[]&#32;=&#32;{5.1,&#32;7.62,&#32;10.16,&#32;12.7};
<anchor xml:id="_Field_8hpp_source_1l00260"/>00260 &#32;&#32;&#32;&#32;&#32;&#32;&#32;&#32;<emphasis role="keywordtype">double</emphasis>&#32;closest&#32;=&#32;possibleRadii[0];
<anchor xml:id="_Field_8hpp_source_1l00261"/>00261 &#32;&#32;&#32;&#32;&#32;&#32;&#32;&#32;<emphasis role="keywordtype">double</emphasis>&#32;minDiff&#32;=&#32;std::abs(radius&#32;-&#32;possibleRadii[0]);
<anchor xml:id="_Field_8hpp_source_1l00262"/>00262 
<anchor xml:id="_Field_8hpp_source_1l00263"/>00263 &#32;&#32;&#32;&#32;&#32;&#32;&#32;&#32;<emphasis role="keywordflow">for</emphasis>&#32;(<emphasis role="keywordtype">double</emphasis>&#32;r&#32;:&#32;possibleRadii)&#32;{
<anchor xml:id="_Field_8hpp_source_1l00264"/>00264 &#32;&#32;&#32;&#32;&#32;&#32;&#32;&#32;&#32;&#32;&#32;&#32;<emphasis role="keywordtype">double</emphasis>&#32;diff&#32;=&#32;std::abs(radius&#32;-&#32;r);
<anchor xml:id="_Field_8hpp_source_1l00265"/>00265 &#32;&#32;&#32;&#32;&#32;&#32;&#32;&#32;&#32;&#32;&#32;&#32;<emphasis role="keywordflow">if</emphasis>&#32;(diff&#32;&lt;&#32;minDiff)&#32;{
<anchor xml:id="_Field_8hpp_source_1l00266"/>00266 &#32;&#32;&#32;&#32;&#32;&#32;&#32;&#32;&#32;&#32;&#32;&#32;&#32;&#32;&#32;&#32;minDiff&#32;=&#32;diff;
<anchor xml:id="_Field_8hpp_source_1l00267"/>00267 &#32;&#32;&#32;&#32;&#32;&#32;&#32;&#32;&#32;&#32;&#32;&#32;&#32;&#32;&#32;&#32;closest&#32;=&#32;r;
<anchor xml:id="_Field_8hpp_source_1l00268"/>00268 &#32;&#32;&#32;&#32;&#32;&#32;&#32;&#32;&#32;&#32;&#32;&#32;}
<anchor xml:id="_Field_8hpp_source_1l00269"/>00269 &#32;&#32;&#32;&#32;&#32;&#32;&#32;&#32;}
<anchor xml:id="_Field_8hpp_source_1l00270"/>00270 &#32;&#32;&#32;&#32;&#32;&#32;&#32;&#32;<emphasis role="keywordflow">return</emphasis>&#32;closest;
<anchor xml:id="_Field_8hpp_source_1l00271"/>00271 &#32;&#32;&#32;&#32;}
<anchor xml:id="_Field_8hpp_source_1l00272"/>00272 
<anchor xml:id="_Field_8hpp_source_1l00273"/>00273 &#32;&#32;&#32;&#32;};
<anchor xml:id="_Field_8hpp_source_1l00274"/>00274 
<anchor xml:id="_Field_8hpp_source_1l00275"/>00275 <emphasis role="preprocessor">#endif&#32;</emphasis><emphasis role="comment">//FIELD_H</emphasis>
</programlisting></section>
