<?xml version='1.0' encoding='UTF-8' standalone='no'?>
<section xmlns="http://docbook.org/ns/docbook" version="5.0" xmlns:xlink="http://www.w3.org/1999/xlink" xml:id="_Graph_8hpp" xml:lang="en-US">
<title>/home/calebk/Documents/coding/RoombaController/src/Graph.hpp File Reference</title>
<indexterm><primary>/home/calebk/Documents/coding/RoombaController/src/Graph.hpp</primary></indexterm>
<programlisting linenumbering="unnumbered">#include &quot;Node.hpp&quot;<?linebreak?>#include &quot;Pose2D.hpp&quot;<?linebreak?>#include &lt;stack&gt;<?linebreak?>#include &quot;vector&quot;<?linebreak?>#include &quot;map&quot;<?linebreak?></programlisting><simplesect>
    <title>Classes    </title>
        <itemizedlist>
            <listitem><para>class <link linkend="_classGraph">Graph&lt; V &gt;</link></para>
</listitem>
            <listitem><para>struct <link linkend="_structGraph_1_1CustomCompare">Graph&lt; V &gt;::CustomCompare</link></para>
</listitem>
        </itemizedlist>
</simplesect>
</section>
