<?xml version='1.0' encoding='UTF-8' standalone='no'?>
<section xmlns="http://docbook.org/ns/docbook" version="5.0" xmlns:xlink="http://www.w3.org/1999/xlink" xml:id="_Graph_8cpp" xml:lang="en-US">
<title>/home/calebk/Documents/coding/RoombaController/src/Graph.cpp File Reference</title>
<indexterm><primary>/home/calebk/Documents/coding/RoombaController/src/Graph.cpp</primary></indexterm>
<programlisting linenumbering="unnumbered">#include &quot;Graph.hpp&quot;<?linebreak?>#include &lt;iostream&gt;<?linebreak?>#include &lt;queue&gt;<?linebreak?>#include &lt;cstdlib&gt;<?linebreak?>#include &lt;ctime&gt;<?linebreak?>#include &quot;limits.h&quot;<?linebreak?></programlisting></section>
