<?xml version='1.0' encoding='UTF-8' standalone='no'?>
<section xmlns="http://docbook.org/ns/docbook" version="5.0" xmlns:xlink="http://www.w3.org/1999/xlink" xml:id="_HoleManager_8hpp_source" xml:lang="en-US">
<title>HoleManager.hpp</title>
<indexterm><primary>/home/calebk/Documents/coding/RoombaController/src/HoleManager.hpp</primary></indexterm>
Go to the documentation of this file.<programlisting linenumbering="unnumbered"><anchor xml:id="_HoleManager_8hpp_source_1l00001"/>00001 
<anchor xml:id="_HoleManager_8hpp_source_1l00005"/>00005 <emphasis role="preprocessor">#ifndef&#32;HOLE_MANAGER_H</emphasis>
<anchor xml:id="_HoleManager_8hpp_source_1l00006"/>00006 <emphasis role="preprocessor">#define&#32;HOLE_MANAGER_H</emphasis>
<anchor xml:id="_HoleManager_8hpp_source_1l00007"/>00007 
<anchor xml:id="_HoleManager_8hpp_source_1l00008"/>00008 <emphasis role="preprocessor">#include&#32;&quot;<link linkend="_Hole_8hpp">Hole.hpp</link>&quot;</emphasis>
<anchor xml:id="_HoleManager_8hpp_source_1l00009"/>00009 <emphasis role="preprocessor">#include&#32;&quot;<link linkend="_util_8hpp">util.hpp</link>&quot;</emphasis>
<anchor xml:id="_HoleManager_8hpp_source_1l00010"/>00010 
<anchor xml:id="_HoleManager_8hpp_source_1l00011"/><link linkend="_HoleManager_8hpp_1a9e3667c9425085b498f4b8ee21a19595">00011</link> <emphasis role="preprocessor">#define&#32;sideLength&#32;0.6096&#32;</emphasis><emphasis role="comment">//&#32;2&#32;by&#32;2&#32;squares&#32;in&#32;feet.&#32;meters</emphasis>
<anchor xml:id="_HoleManager_8hpp_source_1l00012"/><link linkend="_HoleManager_8hpp_1a98743a6e40590a591f14abd4bbe2b675">00012</link> <emphasis role="preprocessor">#define&#32;MEASUREMENT_WIDTH&#32;0.05&#32;</emphasis><emphasis role="comment">//&#32;meters</emphasis>
<anchor xml:id="_HoleManager_8hpp_source_1l00013"/>00013 
<anchor xml:id="_HoleManager_8hpp_source_1l00018"/><link linkend="_classHoleManager">00018</link> <emphasis role="keyword">class&#32;</emphasis><link linkend="_classHoleManager">HoleManager</link>&#32;{
<anchor xml:id="_HoleManager_8hpp_source_1l00019"/>00019 &#32;&#32;&#32;&#32;<emphasis role="keyword">private</emphasis>:
<anchor xml:id="_HoleManager_8hpp_source_1l00023"/>00023 &#32;&#32;&#32;&#32;std::unique_ptr&lt;std::vector&lt;Hole&gt;&gt;&#32;holes;
<anchor xml:id="_HoleManager_8hpp_source_1l00024"/>00024 
<anchor xml:id="_HoleManager_8hpp_source_1l00028"/>00028 &#32;&#32;&#32;&#32;std::unique_ptr&lt;std::vector&lt;Pose2D&gt;&gt;&#32;holeMeasurements;
<anchor xml:id="_HoleManager_8hpp_source_1l00029"/>00029 &#32;&#32;&#32;&#32;<emphasis role="keyword">public</emphasis>:
<anchor xml:id="_HoleManager_8hpp_source_1l00033"/>00033 &#32;&#32;&#32;&#32;&#32;&#32;&#32;&#32;<link linkend="_classHoleManager_1a2a70f9e895789105b0b45df164bf6ff6">HoleManager</link>();
<anchor xml:id="_HoleManager_8hpp_source_1l00034"/>00034 
<anchor xml:id="_HoleManager_8hpp_source_1l00039"/>00039 &#32;&#32;&#32;&#32;&#32;&#32;&#32;&#32;<emphasis role="keywordtype">void</emphasis>&#32;<link linkend="_classHoleManager_1a317b24d6b0d2b5f843d3cbc4fcf39dd8">addPoint</link>(<emphasis role="keyword">const</emphasis>&#32;<link linkend="_classPose2D">Pose2D</link>&amp;&#32;position);
<anchor xml:id="_HoleManager_8hpp_source_1l00040"/>00040 
<anchor xml:id="_HoleManager_8hpp_source_1l00046"/>00046 &#32;&#32;&#32;&#32;&#32;&#32;&#32;&#32;<link linkend="_classHole">Hole</link>&#32;<link linkend="_classHoleManager_1a50df7cfd1e6e527d16b939769317ec50">getHole</link>(uint8_t&#32;index);
<anchor xml:id="_HoleManager_8hpp_source_1l00047"/>00047 
<anchor xml:id="_HoleManager_8hpp_source_1l00052"/>00052 &#32;&#32;&#32;&#32;&#32;&#32;&#32;&#32;<emphasis role="keywordtype">void</emphasis>&#32;<link linkend="_classHoleManager_1ae4fc057aea5dbfc0596b48455beed1e7">addHole</link>(<emphasis role="keyword">const</emphasis>&#32;<link linkend="_classHole">Hole</link>&amp;&#32;hole);
<anchor xml:id="_HoleManager_8hpp_source_1l00053"/>00053 
<anchor xml:id="_HoleManager_8hpp_source_1l00059"/>00059 &#32;&#32;&#32;&#32;&#32;&#32;&#32;&#32;<emphasis role="keywordtype">void</emphasis>&#32;<link linkend="_classHoleManager_1ae4fc057aea5dbfc0596b48455beed1e7">addHole</link>(<emphasis role="keyword">const</emphasis>&#32;<link linkend="_classPose2D">Pose2D</link>&amp;&#32;cornerOne,&#32;<emphasis role="keyword">const</emphasis>&#32;<link linkend="_classPose2D">Pose2D</link>&amp;&#32;cornerTwo);
<anchor xml:id="_HoleManager_8hpp_source_1l00060"/>00060 
<anchor xml:id="_HoleManager_8hpp_source_1l00064"/>00064 &#32;&#32;&#32;&#32;&#32;&#32;&#32;&#32;std::vector&lt;Hole&gt;&#32;<link linkend="_classHoleManager_1a586843e9065c89985c3b76bc8a2f9003">getHoles</link>();
<anchor xml:id="_HoleManager_8hpp_source_1l00065"/>00065 
<anchor xml:id="_HoleManager_8hpp_source_1l00069"/><link linkend="_classHoleManager_1ab74e44ccae65e04db4f54a9b44d9655d">00069</link> &#32;&#32;&#32;&#32;&#32;&#32;&#32;&#32;std::vector&lt;Pose2D&gt;&#32;<link linkend="_classHoleManager_1ab74e44ccae65e04db4f54a9b44d9655d">getPointsOnHoles</link>();
<anchor xml:id="_HoleManager_8hpp_source_1l00070"/>00070 
<anchor xml:id="_HoleManager_8hpp_source_1l00074"/>00074 &#32;&#32;&#32;&#32;&#32;&#32;&#32;&#32;std::vector&lt;Pose2D&gt;&#32;<link linkend="_classHoleManager_1aa0e47cc875c67f9244088d5c895ec725">getSuggestedNodePlacements</link>();
<anchor xml:id="_HoleManager_8hpp_source_1l00075"/>00075 
<anchor xml:id="_HoleManager_8hpp_source_1l00081"/>00081 &#32;&#32;&#32;&#32;&#32;&#32;&#32;&#32;<emphasis role="keywordtype">bool</emphasis>&#32;<link linkend="_classHoleManager_1a3b0b1c780a1ed91646e0bcbf1dd23e70">nodeCollides</link>(<link linkend="_classPose2D">Pose2D</link>&#32;position);
<anchor xml:id="_HoleManager_8hpp_source_1l00082"/>00082 
<anchor xml:id="_HoleManager_8hpp_source_1l00086"/>00086 &#32;&#32;&#32;&#32;&#32;&#32;&#32;&#32;<emphasis role="keywordtype">bool</emphasis>&#32;<link linkend="_classHoleManager_1a1a77b2aa21fe82b6aa7073aa004e9e6f">lineIntersectsAnyHoleMeasurement</link>(<emphasis role="keyword">const</emphasis>&#32;<link linkend="_classPose2D">Pose2D</link>&amp;&#32;positionOne,&#32;<emphasis role="keyword">const</emphasis>&#32;<link linkend="_classPose2D">Pose2D</link>&amp;&#32;positionTwo);
<anchor xml:id="_HoleManager_8hpp_source_1l00087"/>00087 
<anchor xml:id="_HoleManager_8hpp_source_1l00091"/>00091 &#32;&#32;&#32;&#32;&#32;&#32;&#32;&#32;<emphasis role="keywordtype">void</emphasis>&#32;<link linkend="_classHoleManager_1a0a8f51f0c0c0c3af90b3fd0a90ea062e">offsetAll</link>(<emphasis role="keyword">const</emphasis>&#32;<link linkend="_classPose2D">Pose2D</link>&amp;&#32;offset)&#32;<emphasis role="keyword">const</emphasis>;
<anchor xml:id="_HoleManager_8hpp_source_1l00092"/>00092 
<anchor xml:id="_HoleManager_8hpp_source_1l00093"/>00093 };
<anchor xml:id="_HoleManager_8hpp_source_1l00094"/>00094 
<anchor xml:id="_HoleManager_8hpp_source_1l00095"/>00095 
<anchor xml:id="_HoleManager_8hpp_source_1l00096"/>00096 <emphasis role="preprocessor">#endif&#32;</emphasis><emphasis role="comment">//HOLE_MANAGER_H</emphasis>
</programlisting></section>
