<?xml version='1.0' encoding='UTF-8' standalone='no'?>
<section xmlns="http://docbook.org/ns/docbook" version="5.0" xmlns:xlink="http://www.w3.org/1999/xlink" xml:id="_HoleManager_8cpp" xml:lang="en-US">
<title>/home/calebk/Documents/coding/RoombaController/src/HoleManager.cpp File Reference</title>
<indexterm><primary>/home/calebk/Documents/coding/RoombaController/src/HoleManager.cpp</primary></indexterm>
<programlisting linenumbering="unnumbered">#include &lt;iostream&gt;<?linebreak?>#include &quot;HoleManager.hpp&quot;<?linebreak?>#include &quot;Field.hpp&quot;<?linebreak?></programlisting></section>
