<?xml version='1.0' encoding='UTF-8' standalone='no'?>
<book xmlns="http://docbook.org/ns/docbook" version="5.0" xmlns:xlink="http://www.w3.org/1999/xlink" xml:id="_index" xml:lang="en-US">
    <info>
    <title>Roomba Controller Dashboard</title>
    </info>
<chapter>
    <title>Class Documentation</title>
    <xi:include href="structGraph_1_1CustomCompare.xml" xmlns:xi="http://www.w3.org/2001/XInclude"/>
    <xi:include href="classField.xml" xmlns:xi="http://www.w3.org/2001/XInclude"/>
    <xi:include href="classGraph.xml" xmlns:xi="http://www.w3.org/2001/XInclude"/>
    <xi:include href="classHole.xml" xmlns:xi="http://www.w3.org/2001/XInclude"/>
    <xi:include href="classHoleManager.xml" xmlns:xi="http://www.w3.org/2001/XInclude"/>
    <xi:include href="structMove.xml" xmlns:xi="http://www.w3.org/2001/XInclude"/>
    <xi:include href="classNode.xml" xmlns:xi="http://www.w3.org/2001/XInclude"/>
    <xi:include href="classPillar.xml" xmlns:xi="http://www.w3.org/2001/XInclude"/>
    <xi:include href="classPose2D.xml" xmlns:xi="http://www.w3.org/2001/XInclude"/>
    <xi:include href="structRectangle.xml" xmlns:xi="http://www.w3.org/2001/XInclude"/>
</chapter>
<chapter>
    <title>File Documentation</title>
    <xi:include href="Field_8cpp.xml" xmlns:xi="http://www.w3.org/2001/XInclude"/>
    <xi:include href="Field_8cpp_source.xml" xmlns:xi="http://www.w3.org/2001/XInclude"/>
    <xi:include href="Field_8hpp.xml" xmlns:xi="http://www.w3.org/2001/XInclude"/>
    <xi:include href="Field_8hpp_source.xml" xmlns:xi="http://www.w3.org/2001/XInclude"/>
    <xi:include href="Graph_8cpp.xml" xmlns:xi="http://www.w3.org/2001/XInclude"/>
    <xi:include href="Graph_8cpp_source.xml" xmlns:xi="http://www.w3.org/2001/XInclude"/>
    <xi:include href="Graph_8hpp.xml" xmlns:xi="http://www.w3.org/2001/XInclude"/>
    <xi:include href="Graph_8hpp_source.xml" xmlns:xi="http://www.w3.org/2001/XInclude"/>
    <xi:include href="Hole_8cpp.xml" xmlns:xi="http://www.w3.org/2001/XInclude"/>
    <xi:include href="Hole_8cpp_source.xml" xmlns:xi="http://www.w3.org/2001/XInclude"/>
    <xi:include href="Hole_8hpp.xml" xmlns:xi="http://www.w3.org/2001/XInclude"/>
    <xi:include href="Hole_8hpp_source.xml" xmlns:xi="http://www.w3.org/2001/XInclude"/>
    <xi:include href="HoleManager_8cpp.xml" xmlns:xi="http://www.w3.org/2001/XInclude"/>
    <xi:include href="HoleManager_8cpp_source.xml" xmlns:xi="http://www.w3.org/2001/XInclude"/>
    <xi:include href="HoleManager_8hpp.xml" xmlns:xi="http://www.w3.org/2001/XInclude"/>
    <xi:include href="HoleManager_8hpp_source.xml" xmlns:xi="http://www.w3.org/2001/XInclude"/>
    <xi:include href="main_8cpp.xml" xmlns:xi="http://www.w3.org/2001/XInclude"/>
    <xi:include href="main_8cpp_source.xml" xmlns:xi="http://www.w3.org/2001/XInclude"/>
    <xi:include href="Node_8cpp.xml" xmlns:xi="http://www.w3.org/2001/XInclude"/>
    <xi:include href="Node_8cpp_source.xml" xmlns:xi="http://www.w3.org/2001/XInclude"/>
    <xi:include href="Node_8hpp.xml" xmlns:xi="http://www.w3.org/2001/XInclude"/>
    <xi:include href="Node_8hpp_source.xml" xmlns:xi="http://www.w3.org/2001/XInclude"/>
    <xi:include href="Pillar_8cpp.xml" xmlns:xi="http://www.w3.org/2001/XInclude"/>
    <xi:include href="Pillar_8cpp_source.xml" xmlns:xi="http://www.w3.org/2001/XInclude"/>
    <xi:include href="Pillar_8hpp.xml" xmlns:xi="http://www.w3.org/2001/XInclude"/>
    <xi:include href="Pillar_8hpp_source.xml" xmlns:xi="http://www.w3.org/2001/XInclude"/>
    <xi:include href="Pose2D_8cpp.xml" xmlns:xi="http://www.w3.org/2001/XInclude"/>
    <xi:include href="Pose2D_8cpp_source.xml" xmlns:xi="http://www.w3.org/2001/XInclude"/>
    <xi:include href="Pose2D_8hpp.xml" xmlns:xi="http://www.w3.org/2001/XInclude"/>
    <xi:include href="Pose2D_8hpp_source.xml" xmlns:xi="http://www.w3.org/2001/XInclude"/>
    <xi:include href="util_8cpp.xml" xmlns:xi="http://www.w3.org/2001/XInclude"/>
    <xi:include href="util_8cpp_source.xml" xmlns:xi="http://www.w3.org/2001/XInclude"/>
    <xi:include href="util_8hpp.xml" xmlns:xi="http://www.w3.org/2001/XInclude"/>
    <xi:include href="util_8hpp_source.xml" xmlns:xi="http://www.w3.org/2001/XInclude"/>
</chapter>
<index/>
</book>
