<?xml version='1.0' encoding='UTF-8' standalone='no'?>
<section xmlns="http://docbook.org/ns/docbook" version="5.0" xmlns:xlink="http://www.w3.org/1999/xlink" xml:id="_Pillar_8cpp_source" xml:lang="en-US">
<title>Pillar.cpp</title>
<indexterm><primary>/home/calebk/Documents/coding/RoombaController/src/Pillar.cpp</primary></indexterm>
Go to the documentation of this file.<programlisting linenumbering="unnumbered"><anchor xml:id="_Pillar_8cpp_source_1l00001"/>00001 <emphasis role="comment">//&#32;</emphasis>
<anchor xml:id="_Pillar_8cpp_source_1l00002"/>00002 <emphasis role="comment">//&#32;Created&#32;By&#32;Caleb&#32;on&#32;10/24/2024</emphasis>
<anchor xml:id="_Pillar_8cpp_source_1l00003"/>00003 <emphasis role="comment">//</emphasis>
<anchor xml:id="_Pillar_8cpp_source_1l00004"/>00004 
<anchor xml:id="_Pillar_8cpp_source_1l00005"/>00005 <emphasis role="preprocessor">#include&#32;&quot;<link linkend="_Pillar_8hpp">Pillar.hpp</link>&quot;</emphasis>
<anchor xml:id="_Pillar_8cpp_source_1l00006"/>00006 
<anchor xml:id="_Pillar_8cpp_source_1l00007"/><link linkend="_classPillar_1aa8dc2bded98a242ff4957c2604e33ec2">00007</link> <link linkend="_classPillar_1aa8dc2bded98a242ff4957c2604e33ec2">Pillar::Pillar</link>()&#32;{
<anchor xml:id="_Pillar_8cpp_source_1l00008"/>00008 &#32;&#32;&#32;this-&gt;<link linkend="_classPillar_1a74fea03287d330085c4a60f8ba3cc6d3">position</link>&#32;=&#32;<link linkend="_classPose2D">Pose2D</link>(0,&#32;0,&#32;0);
<anchor xml:id="_Pillar_8cpp_source_1l00009"/>00009 &#32;&#32;&#32;&#32;this-&gt;<link linkend="_classPillar_1a39d7d2ab79fc9a515e0c1d1f490947fc">radius</link>&#32;=&#32;0;
<anchor xml:id="_Pillar_8cpp_source_1l00010"/>00010 }
<anchor xml:id="_Pillar_8cpp_source_1l00011"/>00011 
<anchor xml:id="_Pillar_8cpp_source_1l00012"/><link linkend="_classPillar_1a9c9992655592342b529b765c6de0e462">00012</link> <link linkend="_classPillar_1aa8dc2bded98a242ff4957c2604e33ec2">Pillar::Pillar</link>(<emphasis role="keyword">const</emphasis>&#32;<emphasis role="keywordtype">double</emphasis>&#32;x,&#32;<emphasis role="keyword">const</emphasis>&#32;<emphasis role="keywordtype">double</emphasis>&#32;y,&#32;<emphasis role="keyword">const</emphasis>&#32;<emphasis role="keywordtype">double</emphasis>&#32;heading,&#32;<emphasis role="keyword">const</emphasis>&#32;<emphasis role="keywordtype">double</emphasis>&#32;radius)&#32;{
<anchor xml:id="_Pillar_8cpp_source_1l00013"/>00013 &#32;&#32;&#32;&#32;this-&gt;radius&#32;=&#32;<link linkend="_classPillar_1a39d7d2ab79fc9a515e0c1d1f490947fc">radius</link>;
<anchor xml:id="_Pillar_8cpp_source_1l00014"/>00014 &#32;&#32;&#32;&#32;<link linkend="_classPose2D">Pose2D</link>&#32;pose(x,&#32;y,&#32;heading);
<anchor xml:id="_Pillar_8cpp_source_1l00015"/>00015 &#32;&#32;&#32;&#32;this-&gt;<link linkend="_classPillar_1a74fea03287d330085c4a60f8ba3cc6d3">position</link>&#32;=&#32;pose;
<anchor xml:id="_Pillar_8cpp_source_1l00016"/>00016 }
<anchor xml:id="_Pillar_8cpp_source_1l00017"/>00017 
<anchor xml:id="_Pillar_8cpp_source_1l00018"/><link linkend="_classPillar_1aa3c5156fb822cf9ca4014ca8e3510fd4">00018</link> <link linkend="_classPillar_1aa8dc2bded98a242ff4957c2604e33ec2">Pillar::Pillar</link>(<emphasis role="keyword">const</emphasis>&#32;<link linkend="_classPose2D">Pose2D</link>&amp;&#32;position,&#32;<emphasis role="keyword">const</emphasis>&#32;<emphasis role="keywordtype">double</emphasis>&#32;radius)&#32;{
<anchor xml:id="_Pillar_8cpp_source_1l00019"/>00019 &#32;&#32;&#32;&#32;this-&gt;position&#32;=&#32;<link linkend="_classPillar_1a74fea03287d330085c4a60f8ba3cc6d3">position</link>;
<anchor xml:id="_Pillar_8cpp_source_1l00020"/>00020 &#32;&#32;&#32;&#32;this-&gt;radius&#32;=&#32;<link linkend="_classPillar_1a39d7d2ab79fc9a515e0c1d1f490947fc">radius</link>;
<anchor xml:id="_Pillar_8cpp_source_1l00021"/>00021 }
<anchor xml:id="_Pillar_8cpp_source_1l00022"/>00022 
<anchor xml:id="_Pillar_8cpp_source_1l00023"/><link linkend="_classPillar_1ad994a5ff8afddb6ac0d52d573b8f31bd">00023</link> <link linkend="_classPillar_1aa8dc2bded98a242ff4957c2604e33ec2">Pillar::Pillar</link>(<emphasis role="keyword">const</emphasis>&#32;<emphasis role="keywordtype">double</emphasis>&#32;x,&#32;<emphasis role="keyword">const</emphasis>&#32;<emphasis role="keywordtype">double</emphasis>&#32;y,&#32;<emphasis role="keyword">const</emphasis>&#32;<emphasis role="keywordtype">double</emphasis>&#32;radius)&#32;{
<anchor xml:id="_Pillar_8cpp_source_1l00024"/>00024 &#32;&#32;&#32;&#32;<link linkend="_classPose2D">Pose2D</link>&#32;pose(x,&#32;y);
<anchor xml:id="_Pillar_8cpp_source_1l00025"/>00025 &#32;&#32;&#32;&#32;this-&gt;<link linkend="_classPillar_1a74fea03287d330085c4a60f8ba3cc6d3">position</link>&#32;=&#32;pose;
<anchor xml:id="_Pillar_8cpp_source_1l00026"/>00026 &#32;&#32;this-&gt;radius&#32;=&#32;<link linkend="_classPillar_1a39d7d2ab79fc9a515e0c1d1f490947fc">radius</link>;
<anchor xml:id="_Pillar_8cpp_source_1l00027"/>00027 }
<anchor xml:id="_Pillar_8cpp_source_1l00028"/>00028 
<anchor xml:id="_Pillar_8cpp_source_1l00029"/><link linkend="_classPillar_1a6643c4f436b8264606fd1ef9adfafc75">00029</link> <link linkend="_classPose2D">Pose2D</link>&amp;&#32;<link linkend="_classPillar_1a6643c4f436b8264606fd1ef9adfafc75">Pillar::getPose</link>()&#32;{
<anchor xml:id="_Pillar_8cpp_source_1l00030"/>00030 &#32;&#32;<emphasis role="keywordflow">return</emphasis>&#32;this-&gt;<link linkend="_classPillar_1a74fea03287d330085c4a60f8ba3cc6d3">position</link>;
<anchor xml:id="_Pillar_8cpp_source_1l00031"/>00031 }
<anchor xml:id="_Pillar_8cpp_source_1l00032"/>00032 
<anchor xml:id="_Pillar_8cpp_source_1l00033"/><link linkend="_classPillar_1adc8c902c96a36b5e8e6642e2b462e927">00033</link> <emphasis role="keywordtype">double</emphasis>&#32;<link linkend="_classPillar_1adc8c902c96a36b5e8e6642e2b462e927">Pillar::getX</link>()&#32;{
<anchor xml:id="_Pillar_8cpp_source_1l00034"/>00034 &#32;&#32;&#32;&#32;<emphasis role="keywordflow">return</emphasis>&#32;this-&gt;<link linkend="_classPillar_1a74fea03287d330085c4a60f8ba3cc6d3">position</link>.<link linkend="_classPose2D_1ad3453560b394884b5b94de1264b946fa">getX</link>();
<anchor xml:id="_Pillar_8cpp_source_1l00035"/>00035 }
<anchor xml:id="_Pillar_8cpp_source_1l00036"/>00036 
<anchor xml:id="_Pillar_8cpp_source_1l00037"/><link linkend="_classPillar_1a6a39e5dac33d94196391caeeb379c48a">00037</link> <emphasis role="keywordtype">double</emphasis>&#32;<link linkend="_classPillar_1a6a39e5dac33d94196391caeeb379c48a">Pillar::getY</link>()&#32;{
<anchor xml:id="_Pillar_8cpp_source_1l00038"/>00038 &#32;&#32;&#32;&#32;<emphasis role="keywordflow">return</emphasis>&#32;this-&gt;<link linkend="_classPillar_1a74fea03287d330085c4a60f8ba3cc6d3">position</link>.<link linkend="_classPose2D_1acfc52591b36947d8ead57ada1c12e5c2">getY</link>();
<anchor xml:id="_Pillar_8cpp_source_1l00039"/>00039 }
<anchor xml:id="_Pillar_8cpp_source_1l00040"/>00040 
<anchor xml:id="_Pillar_8cpp_source_1l00041"/><link linkend="_classPillar_1a404e92b3ee6005fcd400ae120ce0b560">00041</link> <emphasis role="keywordtype">double</emphasis>&#32;<link linkend="_classPillar_1a404e92b3ee6005fcd400ae120ce0b560">Pillar::getRadius</link>()<emphasis role="keyword">&#32;const&#32;</emphasis>{
<anchor xml:id="_Pillar_8cpp_source_1l00042"/>00042 &#32;&#32;&#32;&#32;<emphasis role="keywordflow">return</emphasis>&#32;this-&gt;<link linkend="_classPillar_1a39d7d2ab79fc9a515e0c1d1f490947fc">radius</link>;
<anchor xml:id="_Pillar_8cpp_source_1l00043"/>00043 }
<anchor xml:id="_Pillar_8cpp_source_1l00044"/>00044 
<anchor xml:id="_Pillar_8cpp_source_1l00045"/><link linkend="_classPillar_1acde6b927c883e0a5720e20d6b7f04ede">00045</link> <emphasis role="keywordtype">void</emphasis>&#32;<link linkend="_classPillar_1acde6b927c883e0a5720e20d6b7f04ede">Pillar::setRadius</link>(<emphasis role="keywordtype">double</emphasis>&#32;newRadius)&#32;{
<anchor xml:id="_Pillar_8cpp_source_1l00046"/>00046 &#32;&#32;&#32;&#32;this-&gt;<link linkend="_classPillar_1a39d7d2ab79fc9a515e0c1d1f490947fc">radius</link>&#32;=&#32;newRadius;
<anchor xml:id="_Pillar_8cpp_source_1l00047"/>00047 }
<anchor xml:id="_Pillar_8cpp_source_1l00048"/>00048 
<anchor xml:id="_Pillar_8cpp_source_1l00049"/>00049 
<anchor xml:id="_Pillar_8cpp_source_1l00050"/><link linkend="_classPillar_1a01e5ad8ad29b0637edc291aaff93785e">00050</link> <link linkend="_classPillar">Pillar</link>&#32;<link linkend="_classPillar_1a01e5ad8ad29b0637edc291aaff93785e">Pillar::parseFromStream</link>(std::istringstream&amp;&#32;stream)&#32;{
<anchor xml:id="_Pillar_8cpp_source_1l00051"/>00051 &#32;&#32;&#32;&#32;<emphasis role="keywordtype">double</emphasis>&#32;x,&#32;y,&#32;heading,&#32;<link linkend="_classPillar_1a39d7d2ab79fc9a515e0c1d1f490947fc">radius</link>;
<anchor xml:id="_Pillar_8cpp_source_1l00052"/>00052 &#32;&#32;&#32;&#32;<emphasis role="keywordflow">if</emphasis>&#32;(stream&#32;&gt;&gt;&#32;x&#32;&gt;&gt;&#32;y&#32;&gt;&gt;&#32;heading&#32;&gt;&gt;&#32;<link linkend="_classPillar_1a39d7d2ab79fc9a515e0c1d1f490947fc">radius</link>)&#32;{
<anchor xml:id="_Pillar_8cpp_source_1l00053"/>00053 &#32;&#32;&#32;&#32;&#32;&#32;&#32;&#32;<emphasis role="keywordflow">return</emphasis>&#32;<link linkend="_classPillar_1aa8dc2bded98a242ff4957c2604e33ec2">Pillar</link>(x,&#32;y,&#32;heading,&#32;<link linkend="_classPillar_1a39d7d2ab79fc9a515e0c1d1f490947fc">radius</link>);
<anchor xml:id="_Pillar_8cpp_source_1l00054"/>00054 &#32;&#32;&#32;&#32;}
<anchor xml:id="_Pillar_8cpp_source_1l00055"/>00055 &#32;&#32;&#32;&#32;<emphasis role="keywordflow">return</emphasis>&#32;<link linkend="_classPillar_1aa8dc2bded98a242ff4957c2604e33ec2">Pillar</link>(0,&#32;0,&#32;0);
<anchor xml:id="_Pillar_8cpp_source_1l00056"/>00056 }
<anchor xml:id="_Pillar_8cpp_source_1l00057"/>00057 
<anchor xml:id="_Pillar_8cpp_source_1l00058"/><link linkend="_classPillar_1a9877735341d7110c3d34633867528dbb">00058</link> <emphasis role="keywordtype">void</emphasis>&#32;<link linkend="_classPillar_1a9877735341d7110c3d34633867528dbb">Pillar::setPosition</link>(<emphasis role="keyword">const</emphasis>&#32;<link linkend="_classPose2D">Pose2D</link>&amp;&#32;newPosition)&#32;{
<anchor xml:id="_Pillar_8cpp_source_1l00059"/>00059 &#32;&#32;&#32;&#32;this-&gt;<link linkend="_classPillar_1a74fea03287d330085c4a60f8ba3cc6d3">position</link>&#32;=&#32;newPosition;
<anchor xml:id="_Pillar_8cpp_source_1l00060"/>00060 }
<anchor xml:id="_Pillar_8cpp_source_1l00061"/>00061 
</programlisting></section>
