<?xml version='1.0' encoding='UTF-8' standalone='no'?>
<section xmlns="http://docbook.org/ns/docbook" version="5.0" xmlns:xlink="http://www.w3.org/1999/xlink" xml:id="_Pillar_8hpp" xml:lang="en-US">
<title>/home/calebk/Documents/coding/RoombaController/src/Pillar.hpp File Reference</title>
<indexterm><primary>/home/calebk/Documents/coding/RoombaController/src/Pillar.hpp</primary></indexterm>
<programlisting linenumbering="unnumbered">#include &quot;Pose2D.hpp&quot;<?linebreak?></programlisting><simplesect>
    <title>Classes    </title>
        <itemizedlist>
            <listitem><para>class <link linkend="_classPillar">Pillar</link></para>
</listitem>
        </itemizedlist>
</simplesect>
</section>
