<?xml version='1.0' encoding='UTF-8' standalone='no'?>
<section xmlns="http://docbook.org/ns/docbook" version="5.0" xmlns:xlink="http://www.w3.org/1999/xlink" xml:id="_Pose2D_8cpp" xml:lang="en-US">
<title>/home/calebk/Documents/coding/RoombaController/src/Pose2D.cpp File Reference</title>
<indexterm><primary>/home/calebk/Documents/coding/RoombaController/src/Pose2D.cpp</primary></indexterm>
<programlisting linenumbering="unnumbered">#include &quot;Pose2D.hpp&quot;<?linebreak?></programlisting><simplesect>
    <title>Functions    </title>
        <itemizedlist>
            <listitem><para>std::ostream &amp; <link linkend="_Pose2D_8cpp_1a8ee5dca0a6268342b242172f7222756f">operator&lt;&lt;</link> (std::ostream &amp;os, const <link linkend="_classPose2D">Pose2D</link> &amp;d)</para>
</listitem>
            <listitem><para><link linkend="_structRectangle">Rectangle</link> <link linkend="_Pose2D_8cpp_1af747b1235ddc04741dd30bf4c6a35d3c">makeRectangleFromLine</link> (const <link linkend="_classPose2D">Pose2D</link> &amp;L1, const <link linkend="_classPose2D">Pose2D</link> &amp;L2, double width)</para>
</listitem>
        </itemizedlist>
</simplesect>
<section>
<title>Function Documentation</title>
<anchor xml:id="_Pose2D_8cpp_1af747b1235ddc04741dd30bf4c6a35d3c"/><section>
    <title>makeRectangleFromLine()</title>
<indexterm><primary>makeRectangleFromLine</primary><secondary>Pose2D.cpp</secondary></indexterm>
<indexterm><primary>Pose2D.cpp</primary><secondary>makeRectangleFromLine</secondary></indexterm>
<para><computeroutput><link linkend="_structRectangle">Rectangle</link> makeRectangleFromLine (const <link linkend="_classPose2D">Pose2D</link> &amp; L1, const <link linkend="_classPose2D">Pose2D</link> &amp; L2, double width)</computeroutput></para>
<para>Makes a rectangle from a line 
                <formalpara>
                    <title>
Parameters</title>
                    <para>
                    <table frame="all">
                        <tgroup cols="2" align="left" colsep="1" rowsep="1">
                        <colspec colwidth="1*"/>
                        <colspec colwidth="4*"/>
                        <tbody>
                            <row>
<entry>L1</entry><entry>
<para>One bound of the line </para>
</entry>
                            </row>
                            <row>
<entry>L2</entry><entry>
<para>Another bound of the line </para>
</entry>
                            </row>
                            <row>
<entry>width</entry><entry>
<para>the width of the rectangle </para>
</entry>
                            </row>
                        </tbody>
                        </tgroup>
                    </table>
                    </para>
                </formalpara>
                <formalpara><title>Returns</title>

<para>a rectangle with the the line in the middle and a width of the width passed in </para>
</formalpara>
</para>
<para>
Definition at line <link linkend="_Pose2D_8cpp_source_1l00248">248</link> of file <link linkend="_Pose2D_8cpp_source">Pose2D.cpp</link>.</para>
</section>
<anchor xml:id="_Pose2D_8cpp_1a8ee5dca0a6268342b242172f7222756f"/><section>
    <title>operator&lt;&lt;()</title>
<indexterm><primary>operator&lt;&lt;</primary><secondary>Pose2D.cpp</secondary></indexterm>
<indexterm><primary>Pose2D.cpp</primary><secondary>operator&lt;&lt;</secondary></indexterm>
<para><computeroutput>std::ostream &amp; operator&lt;&lt; (std::ostream &amp; os, const <link linkend="_classPose2D">Pose2D</link> &amp; d)</computeroutput></para>
<para>To string for a pose2D 
                <formalpara>
                    <title>
Parameters</title>
                    <para>
                    <table frame="all">
                        <tgroup cols="2" align="left" colsep="1" rowsep="1">
                        <colspec colwidth="1*"/>
                        <colspec colwidth="4*"/>
                        <tbody>
                            <row>
<entry>os</entry><entry>
<para>output stream </para>
</entry>
                            </row>
                            <row>
<entry>d</entry><entry>
<para>the pose2D to reference </para>
</entry>
                            </row>
                        </tbody>
                        </tgroup>
                    </table>
                    </para>
                </formalpara>
                <formalpara><title>Returns</title>

<para></para>
</formalpara>
</para>
<para>
Definition at line <link linkend="_Pose2D_8cpp_source_1l00230">230</link> of file <link linkend="_Pose2D_8cpp_source">Pose2D.cpp</link>.</para>
</section>
</section>
</section>
