<?xml version='1.0' encoding='UTF-8' standalone='no'?>
<section xmlns="http://docbook.org/ns/docbook" version="5.0" xmlns:xlink="http://www.w3.org/1999/xlink" xml:id="_structGraph_1_1CustomCompare" xml:lang="en-US">
<title>Graph&lt; V &gt;::CustomCompare Struct Reference</title>
<indexterm><primary>Graph&lt; V &gt;::CustomCompare</primary></indexterm>
<para>
<computeroutput>#include &lt;Graph.hpp&gt;</computeroutput>
</para>
<simplesect>
    <title>Public Member Functions    </title>
        <itemizedlist>
            <listitem><para><link linkend="_classGraph_1a08ffe504d6c612edda7d1d562a577c82">bool</link> <link linkend="_structGraph_1_1CustomCompare_1accdd3a73208f598a21d1244a2568e86d">operator()</link> (<link linkend="_classGraph_1a08ffe504d6c612edda7d1d562a577c82">const</link> <link linkend="_classGraph_1a08ffe504d6c612edda7d1d562a577c82">pair</link> &amp;<link linkend="_classGraph_1a08ffe504d6c612edda7d1d562a577c82">first</link>, <link linkend="_classGraph_1a08ffe504d6c612edda7d1d562a577c82">const</link> <link linkend="_classGraph_1a08ffe504d6c612edda7d1d562a577c82">pair</link> &amp;<link linkend="_classGraph_1a08ffe504d6c612edda7d1d562a577c82">second</link>)</para>
</listitem>
        </itemizedlist>
</simplesect>
<section>
<title>Detailed Description</title>
<simplesect><title>template&lt;<link linkend="_classGraph_1a08ffe504d6c612edda7d1d562a577c82">typename</link> <link linkend="_classGraph_1a08ffe504d6c612edda7d1d562a577c82">V</link>&gt;<?linebreak?>struct Graph&lt; V &gt;::CustomCompare</title></simplesect>
<para>
Definition at line <link linkend="_Graph_8hpp_source_1l00020">20</link> of file <link linkend="_Graph_8hpp_source">Graph.hpp</link>.</para>
</section>
<section>
<title>Member Function Documentation</title>
<anchor xml:id="_structGraph_1_1CustomCompare_1accdd3a73208f598a21d1244a2568e86d"/><section>
    <title>operator()()</title>
<indexterm><primary>operator()</primary><secondary>Graph&lt; V &gt;::CustomCompare</secondary></indexterm>
<indexterm><primary>Graph&lt; V &gt;::CustomCompare</primary><secondary>operator()</secondary></indexterm>
<computeroutput>template&lt;<link linkend="_classGraph_1a08ffe504d6c612edda7d1d562a577c82">typename</link> <link linkend="_classGraph_1a08ffe504d6c612edda7d1d562a577c82">V</link> &gt; </computeroutput><para><computeroutput><link linkend="_classGraph_1a08ffe504d6c612edda7d1d562a577c82">bool</link> <link linkend="_classGraph">Graph</link>&lt; <link linkend="_classGraph_1a08ffe504d6c612edda7d1d562a577c82">V</link> &gt;::CustomCompare::operator() (<link linkend="_classGraph_1a08ffe504d6c612edda7d1d562a577c82">const</link> <link linkend="_classGraph_1a08ffe504d6c612edda7d1d562a577c82">pair</link> &amp; first, <link linkend="_classGraph_1a08ffe504d6c612edda7d1d562a577c82">const</link> <link linkend="_classGraph_1a08ffe504d6c612edda7d1d562a577c82">pair</link> &amp; second)<computeroutput>[inline]</computeroutput></computeroutput></para><para>
Definition at line <link linkend="_Graph_8hpp_source_1l00021">21</link> of file <link linkend="_Graph_8hpp_source">Graph.hpp</link>.</para>
</section>
<para>
The documentation for this struct was generated from the following file:</para>
/home/calebk/Documents/coding/RoombaController/src/<link linkend="_Graph_8hpp">Graph.hpp</link></section>
</section>
