<?xml version='1.0' encoding='UTF-8' standalone='no'?>
<section xmlns="http://docbook.org/ns/docbook" version="5.0" xmlns:xlink="http://www.w3.org/1999/xlink" xml:id="_structMove" xml:lang="en-US">
<title>Move Struct Reference</title>
<indexterm><primary>Move</primary></indexterm>
<simplesect>
    <title>Public Attributes    </title>
        <itemizedlist>
            <listitem><para>double <link linkend="_structMove_1a261f6dd2a4399171b95747f32eb4025e">quantity</link></para>
</listitem>
            <listitem><para><link linkend="_main_8cpp_1a8a93b61bc797a7d1907f42796a252493">MovementType</link> <link linkend="_structMove_1a024fa73d41d4d3830f2565e158a2b521">type</link></para>
</listitem>
        </itemizedlist>
</simplesect>
<section>
<title>Detailed Description</title>
<para>
Definition at line <link linkend="_main_8cpp_source_1l00045">45</link> of file <link linkend="_main_8cpp_source">main.cpp</link>.</para>
</section>
<section>
<title>Member Data Documentation</title>
<anchor xml:id="_structMove_1a261f6dd2a4399171b95747f32eb4025e"/><section>
    <title>quantity</title>
<indexterm><primary>quantity</primary><secondary>Move</secondary></indexterm>
<indexterm><primary>Move</primary><secondary>quantity</secondary></indexterm>
<para><computeroutput>double Move::quantity</computeroutput></para><para>
Definition at line <link linkend="_main_8cpp_source_1l00046">46</link> of file <link linkend="_main_8cpp_source">main.cpp</link>.</para>
</section>
<anchor xml:id="_structMove_1a024fa73d41d4d3830f2565e158a2b521"/><section>
    <title>type</title>
<indexterm><primary>type</primary><secondary>Move</secondary></indexterm>
<indexterm><primary>Move</primary><secondary>type</secondary></indexterm>
<para><computeroutput><link linkend="_main_8cpp_1a8a93b61bc797a7d1907f42796a252493">MovementType</link> Move::type</computeroutput></para><para>
Definition at line <link linkend="_main_8cpp_source_1l00047">47</link> of file <link linkend="_main_8cpp_source">main.cpp</link>.</para>
</section>
<para>
The documentation for this struct was generated from the following file:</para>
/home/calebk/Documents/coding/RoombaController/src/<link linkend="_main_8cpp">main.cpp</link></section>
</section>
