<?xml version='1.0' encoding='UTF-8' standalone='no'?>
<section xmlns="http://docbook.org/ns/docbook" version="5.0" xmlns:xlink="http://www.w3.org/1999/xlink" xml:id="_util_8hpp" xml:lang="en-US">
<title>/home/calebk/Documents/coding/RoombaController/src/util.hpp File Reference</title>
<indexterm><primary>/home/calebk/Documents/coding/RoombaController/src/util.hpp</primary></indexterm>
<programlisting linenumbering="unnumbered">#include &lt;cmath&gt;<?linebreak?></programlisting><simplesect>
    <title>Functions    </title>
        <itemizedlist>
            <listitem><para>double <link linkend="_util_8hpp_1aeaeef2ccb49a89c827eeeb25d89a1ff8">orientation</link> (double px2, double py, double qx, double qy, double rx, double ry)</para>
</listitem>
            <listitem><para>bool <link linkend="_util_8hpp_1aec2e0e6da52a6460459ffefa1bad0fd3">onSegment</link> (double px, double py, double qx, double qy, double rx, double ry)</para>
</listitem>
            <listitem><para>bool <link linkend="_util_8hpp_1a4e5e5d18b9bfa850378af284c05268df">doIntersect</link> (double p1x, double p1y, double q1x, double q1y, double p2x, double p2y, double q2x, double q2y)</para>
</listitem>
            <listitem><para>bool <link linkend="_util_8hpp_1a913e3a56bee44293842c0d78d7e56634">lineIntersectsRectangle</link> (double cx1, double cy1, double cx2, double cy2, double rx1, double ry1, double rx2, double ry2, double rx3, double ry3, double rx4, double ry4)</para>
</listitem>
        </itemizedlist>
</simplesect>
<section>
<title>Function Documentation</title>
<anchor xml:id="_util_8hpp_1a4e5e5d18b9bfa850378af284c05268df"/><section>
    <title>doIntersect()</title>
<indexterm><primary>doIntersect</primary><secondary>util.hpp</secondary></indexterm>
<indexterm><primary>util.hpp</primary><secondary>doIntersect</secondary></indexterm>
<para><computeroutput>bool doIntersect (double p1x, double p1y, double q1x, double q1y, double p2x, double p2y, double q2x, double q2y)</computeroutput></para><para>
Definition at line <link linkend="_util_8cpp_source_1l00018">18</link> of file <link linkend="_util_8cpp_source">util.cpp</link>.</para>
</section>
<anchor xml:id="_util_8hpp_1a913e3a56bee44293842c0d78d7e56634"/><section>
    <title>lineIntersectsRectangle()</title>
<indexterm><primary>lineIntersectsRectangle</primary><secondary>util.hpp</secondary></indexterm>
<indexterm><primary>util.hpp</primary><secondary>lineIntersectsRectangle</secondary></indexterm>
<para><computeroutput>bool lineIntersectsRectangle (double cx1, double cy1, double cx2, double cy2, double rx1, double ry1, double rx2, double ry2, double rx3, double ry3, double rx4, double ry4)</computeroutput></para><para>
Definition at line <link linkend="_util_8cpp_source_1l00046">46</link> of file <link linkend="_util_8cpp_source">util.cpp</link>.</para>
</section>
<anchor xml:id="_util_8hpp_1aec2e0e6da52a6460459ffefa1bad0fd3"/><section>
    <title>onSegment()</title>
<indexterm><primary>onSegment</primary><secondary>util.hpp</secondary></indexterm>
<indexterm><primary>util.hpp</primary><secondary>onSegment</secondary></indexterm>
<para><computeroutput>bool onSegment (double px, double py, double qx, double qy, double rx, double ry)</computeroutput></para><para>
Definition at line <link linkend="_util_8cpp_source_1l00013">13</link> of file <link linkend="_util_8cpp_source">util.cpp</link>.</para>
</section>
<anchor xml:id="_util_8hpp_1aeaeef2ccb49a89c827eeeb25d89a1ff8"/><section>
    <title>orientation()</title>
<indexterm><primary>orientation</primary><secondary>util.hpp</secondary></indexterm>
<indexterm><primary>util.hpp</primary><secondary>orientation</secondary></indexterm>
<para><computeroutput>double orientation (double px, double py, double qx, double qy, double rx, double ry)</computeroutput></para>
<para>Created by Caleb Kugel 11/21/2024 </para>
<para>
Definition at line <link linkend="_util_8cpp_source_1l00007">7</link> of file <link linkend="_util_8cpp_source">util.cpp</link>.</para>
</section>
</section>
</section>
