<?xml version='1.0' encoding='UTF-8' standalone='no'?>
<section xmlns="http://docbook.org/ns/docbook" version="5.0" xmlns:xlink="http://www.w3.org/1999/xlink" xml:id="_util_8hpp_source" xml:lang="en-US">
<title>util.hpp</title>
<indexterm><primary>/home/calebk/Documents/coding/RoombaController/src/util.hpp</primary></indexterm>
Go to the documentation of this file.<programlisting linenumbering="unnumbered"><anchor xml:id="_util_8hpp_source_1l00001"/>00001 
<anchor xml:id="_util_8hpp_source_1l00005"/>00005 <emphasis role="preprocessor">#ifndef&#32;UTIL_H</emphasis>
<anchor xml:id="_util_8hpp_source_1l00006"/>00006 <emphasis role="preprocessor">#define&#32;UTIL_H</emphasis>
<anchor xml:id="_util_8hpp_source_1l00007"/>00007 
<anchor xml:id="_util_8hpp_source_1l00008"/>00008 <emphasis role="preprocessor">#include&#32;&lt;cmath&gt;</emphasis>
<anchor xml:id="_util_8hpp_source_1l00009"/>00009 
<anchor xml:id="_util_8hpp_source_1l00010"/>00010 
<anchor xml:id="_util_8hpp_source_1l00011"/>00011 <emphasis role="comment">/*</emphasis>
<anchor xml:id="_util_8hpp_source_1l00012"/>00012 <emphasis role="comment">&#32;*&#32;calculates&#32;the&#32;orientation&#32;of&#32;the&#32;ordered&#32;triplet&#32;(p,&#32;q,&#32;r)</emphasis>
<anchor xml:id="_util_8hpp_source_1l00013"/>00013 <emphasis role="comment">*&#32;@return</emphasis>
<anchor xml:id="_util_8hpp_source_1l00014"/>00014 <emphasis role="comment">&#32;&#32;&#32;&#32;*&#32;0&#32;-&gt;&#32;p,&#32;q,&#32;r&#32;are&#32;collinear</emphasis>
<anchor xml:id="_util_8hpp_source_1l00015"/>00015 <emphasis role="comment">&#32;&#32;&#32;&#32;*&#32;1&#32;-&gt;&#32;Clockwise</emphasis>
<anchor xml:id="_util_8hpp_source_1l00016"/>00016 <emphasis role="comment">&#32;&#32;&#32;&#32;*&#32;2&#32;-&gt;&#32;Counterclockwise</emphasis>
<anchor xml:id="_util_8hpp_source_1l00017"/>00017 <emphasis role="comment">*/</emphasis>
<anchor xml:id="_util_8hpp_source_1l00018"/>00018 <emphasis role="keywordtype">double</emphasis>&#32;<link linkend="_util_8hpp_1aeaeef2ccb49a89c827eeeb25d89a1ff8">orientation</link>(<emphasis role="keywordtype">double</emphasis>&#32;px2,&#32;<emphasis role="keywordtype">double</emphasis>&#32;py,&#32;<emphasis role="keywordtype">double</emphasis>&#32;qx,&#32;<emphasis role="keywordtype">double</emphasis>&#32;qy,&#32;<emphasis role="keywordtype">double</emphasis>&#32;rx,&#32;<emphasis role="keywordtype">double</emphasis>&#32;ry);
<anchor xml:id="_util_8hpp_source_1l00019"/>00019 
<anchor xml:id="_util_8hpp_source_1l00020"/>00020 
<anchor xml:id="_util_8hpp_source_1l00021"/>00021 <emphasis role="comment">/*</emphasis>
<anchor xml:id="_util_8hpp_source_1l00022"/>00022 <emphasis role="comment">&#32;*&#32;checks&#32;if&#32;point&#32;q&#32;lies&#32;on&#32;the&#32;line&#32;segment&#32;&apos;pr&apos;</emphasis>
<anchor xml:id="_util_8hpp_source_1l00023"/>00023 <emphasis role="comment">*/</emphasis>
<anchor xml:id="_util_8hpp_source_1l00024"/>00024 <emphasis role="keywordtype">bool</emphasis>&#32;<link linkend="_util_8hpp_1aec2e0e6da52a6460459ffefa1bad0fd3">onSegment</link>(<emphasis role="keywordtype">double</emphasis>&#32;px,&#32;<emphasis role="keywordtype">double</emphasis>&#32;py,&#32;<emphasis role="keywordtype">double</emphasis>&#32;qx,&#32;<emphasis role="keywordtype">double</emphasis>&#32;qy,&#32;<emphasis role="keywordtype">double</emphasis>&#32;rx,&#32;<emphasis role="keywordtype">double</emphasis>&#32;ry);
<anchor xml:id="_util_8hpp_source_1l00025"/>00025 
<anchor xml:id="_util_8hpp_source_1l00026"/>00026 
<anchor xml:id="_util_8hpp_source_1l00027"/>00027 <emphasis role="comment">/*</emphasis>
<anchor xml:id="_util_8hpp_source_1l00028"/>00028 <emphasis role="comment">&#32;*&#32;determines&#32;if&#32;line&#32;segments&#32;(p1,&#32;q1)&#32;and&#32;(p2,&#32;q2)&#32;intersect</emphasis>
<anchor xml:id="_util_8hpp_source_1l00029"/>00029 <emphasis role="comment">*/</emphasis>
<anchor xml:id="_util_8hpp_source_1l00030"/>00030 <emphasis role="keywordtype">bool</emphasis>&#32;<link linkend="_util_8hpp_1a4e5e5d18b9bfa850378af284c05268df">doIntersect</link>(<emphasis role="keywordtype">double</emphasis>&#32;p1x,&#32;<emphasis role="keywordtype">double</emphasis>&#32;p1y,&#32;<emphasis role="keywordtype">double</emphasis>&#32;q1x,&#32;<emphasis role="keywordtype">double</emphasis>&#32;q1y,&#32;<emphasis role="keywordtype">double</emphasis>&#32;p2x,&#32;<emphasis role="keywordtype">double</emphasis>&#32;p2y,&#32;<emphasis role="keywordtype">double</emphasis>&#32;q2x,&#32;<emphasis role="keywordtype">double</emphasis>&#32;q2y);
<anchor xml:id="_util_8hpp_source_1l00031"/>00031 
<anchor xml:id="_util_8hpp_source_1l00032"/>00032 <emphasis role="comment">/*</emphasis>
<anchor xml:id="_util_8hpp_source_1l00033"/>00033 <emphasis role="comment">*&#32;function&#32;to&#32;check&#32;if&#32;the&#32;line&#32;intersects&#32;a&#32;given&#32;rectangle</emphasis>
<anchor xml:id="_util_8hpp_source_1l00034"/>00034 <emphasis role="comment">*&#32;@param&#32;cx1&#32;the&#32;x&#32;position&#32;of&#32;the&#32;first&#32;bound&#32;of&#32;the&#32;line</emphasis>
<anchor xml:id="_util_8hpp_source_1l00035"/>00035 <emphasis role="comment">*&#32;@param&#32;cy1&#32;the&#32;y&#32;position&#32;of&#32;the&#32;first&#32;bound&#32;of&#32;the&#32;line</emphasis>
<anchor xml:id="_util_8hpp_source_1l00036"/>00036 <emphasis role="comment">*&#32;@param&#32;cx2&#32;the&#32;x&#32;position&#32;of&#32;the&#32;second&#32;bound&#32;of&#32;the&#32;line</emphasis>
<anchor xml:id="_util_8hpp_source_1l00037"/>00037 <emphasis role="comment">*&#32;@param&#32;cy2&#32;the&#32;y&#32;position&#32;of&#32;the&#32;second&#32;bound&#32;of&#32;the&#32;line</emphasis>
<anchor xml:id="_util_8hpp_source_1l00038"/>00038 <emphasis role="comment">*&#32;@param&#32;rx1&#32;the&#32;x&#32;position&#32;of&#32;the&#32;first&#32;rectangular&#32;X&#32;coordinate</emphasis>
<anchor xml:id="_util_8hpp_source_1l00039"/>00039 <emphasis role="comment">*&#32;@param&#32;ry1&#32;the&#32;y&#32;position&#32;of&#32;the&#32;first&#32;rectangular&#32;Y&#32;coordinate</emphasis>
<anchor xml:id="_util_8hpp_source_1l00040"/>00040 <emphasis role="comment">*&#32;@param&#32;rx2&#32;the&#32;x&#32;position&#32;of&#32;the&#32;second&#32;rectangular&#32;X&#32;coordinate</emphasis>
<anchor xml:id="_util_8hpp_source_1l00041"/>00041 <emphasis role="comment">*&#32;@param&#32;ry2&#32;the&#32;y&#32;position&#32;of&#32;the&#32;second&#32;rectangular&#32;Y&#32;coordinate</emphasis>
<anchor xml:id="_util_8hpp_source_1l00042"/>00042 <emphasis role="comment">*&#32;@param&#32;rx3&#32;the&#32;x&#32;position&#32;of&#32;the&#32;third&#32;rectangular&#32;X&#32;coordinate</emphasis>
<anchor xml:id="_util_8hpp_source_1l00043"/>00043 <emphasis role="comment">*&#32;@param&#32;ry3&#32;the&#32;y&#32;position&#32;of&#32;the&#32;third&#32;rectangular&#32;Y&#32;coordinate</emphasis>
<anchor xml:id="_util_8hpp_source_1l00044"/>00044 <emphasis role="comment">*&#32;@param&#32;rx4&#32;the&#32;x&#32;position&#32;of&#32;the&#32;fourth&#32;rectangular&#32;X&#32;coordinate</emphasis>
<anchor xml:id="_util_8hpp_source_1l00045"/>00045 <emphasis role="comment">*&#32;@param&#32;ry4&#32;the&#32;y&#32;position&#32;of&#32;the&#32;fourth&#32;rectangular&#32;Y&#32;coordinate</emphasis>
<anchor xml:id="_util_8hpp_source_1l00046"/>00046 <emphasis role="comment">*&#32;@return&#32;whether&#32;the&#32;line&#32;intersects&#32;the&#32;position</emphasis>
<anchor xml:id="_util_8hpp_source_1l00047"/>00047 <emphasis role="comment">*/</emphasis>
<anchor xml:id="_util_8hpp_source_1l00048"/>00048 <emphasis role="keywordtype">bool</emphasis>&#32;<link linkend="_util_8hpp_1a913e3a56bee44293842c0d78d7e56634">lineIntersectsRectangle</link>(<emphasis role="keywordtype">double</emphasis>&#32;cx1,&#32;<emphasis role="keywordtype">double</emphasis>&#32;cy1,&#32;<emphasis role="keywordtype">double</emphasis>&#32;cx2,&#32;<emphasis role="keywordtype">double</emphasis>&#32;cy2,&#32;<emphasis role="keywordtype">double</emphasis>&#32;rx1,&#32;<emphasis role="keywordtype">double</emphasis>&#32;ry1,&#32;<emphasis role="keywordtype">double</emphasis>&#32;rx2,&#32;<emphasis role="keywordtype">double</emphasis>&#32;ry2,&#32;<emphasis role="keywordtype">double</emphasis>&#32;rx3,&#32;<emphasis role="keywordtype">double</emphasis>&#32;ry3,&#32;<emphasis role="keywordtype">double</emphasis>&#32;rx4,&#32;<emphasis role="keywordtype">double</emphasis>&#32;ry4);
<anchor xml:id="_util_8hpp_source_1l00049"/>00049 
<anchor xml:id="_util_8hpp_source_1l00050"/>00050 
<anchor xml:id="_util_8hpp_source_1l00051"/>00051 
<anchor xml:id="_util_8hpp_source_1l00052"/>00052 <emphasis role="preprocessor">#endif&#32;</emphasis><emphasis role="comment">//&#32;UTIL_H</emphasis>
<anchor xml:id="_util_8hpp_source_1l00053"/>00053 
</programlisting></section>
